time,temp,dwpt,rhum,prcp,snow,wdir,wspd,wpgt,pres,tsun,coco
2025-12-18 00:00:00,11.3,8.7,84,0,,9,13,9.3,1025.2,0,2
2025-12-18 01:00:00,11.1,8.7,85,0,,10,14.8,7.4,1025.1,0,2
2025-12-18 02:00:00,10.5,8.3,86,0,,8,14.8,5.5,1025.1,0,2
2025-12-18 03:00:00,10,7.9,87,0,,7,16.7,3.7,1025,0,2
2025-12-18 04:00:00,9.7,7.8,88,0,,7,16.7,1.8,1025,0,2
2025-12-18 05:00:00,9.4,7.3,87,0,,10,18.5,1.8,1025,0,2
2025-12-18 06:00:00,9,7.3,89,0,,5,18.5,3.7,1024.9,0,2
2025-12-18 07:00:00,10.5,7.4,81,0,,5,18.5,0,1024.9,0,2
2025-12-18 08:00:00,10.5,7.2,80,0,,6,18.5,3.7,1025,0,2
2025-12-18 09:00:00,10.7,7.2,79,0,,7,18.5,0,1025.2,22,2
2025-12-18 10:00:00,11.2,7.9,80,0,,6,18.5,0,1025.3,35,2
2025-12-18 11:00:00,12,8.5,79,0,,8,16.7,0,1025.3,43,2
2025-12-18 12:00:00,13.4,9.1,75,0,,13,16.7,0,1025,45,2
2025-12-18 13:00:00,14.8,9.8,72,0,,12,13,1.8,1024.3,51,2
2025-12-18 14:00:00,15.7,10.2,70,0,,13,11.1,3.7,1023.7,50,2
2025-12-18 15:00:00,15.9,10.6,71,0,,360,9.3,0,1023.6,49,2
2025-12-18 16:00:00,15.4,11.2,76,0,,345,9.3,1.8,1023.3,47,2
2025-12-18 17:00:00,14.6,11.2,80,0,,333,9.3,1.8,1023.2,34,2
2025-12-18 18:00:00,13.6,10.9,84,0,,2,7.4,1.8,1023.1,17,2
2025-12-18 19:00:00,10.6,10.4,99,0,,15,7.4,0,1023.1,0,2
2025-12-18 20:00:00,10.5,9.7,95,0,,16,7.4,3.7,1023.2,0,1
2025-12-18 21:00:00,10.4,9.5,94,0,,17,9.3,5.5,1023.2,0,1
2025-12-18 22:00:00,10.1,8.4,89,0,,11,11.1,7.4,1023.2,0,2
2025-12-18 23:00:00,10,8.3,89,0,,11,13,11.1,1023.1,0,2
2025-12-19 00:00:00,9.9,8.2,89,0,,9,14.8,13,1022.7,0,2
2025-12-19 01:00:00,9.8,8.2,90,0,,5,16.7,11.1,1022.3,0,2
2025-12-19 02:00:00,9.7,8.5,92,0,,3,18.5,14.8,1022,0,2
2025-12-19 03:00:00,9.5,8.4,93,0,,4,16.7,14.8,1021.7,0,2
2025-12-19 04:00:00,9.5,8.3,92,0,,7,18.5,13,1021.2,0,2
2025-12-19 05:00:00,9.5,7.9,90,0,,7,18.5,13,1021.2,0,2
2025-12-19 06:00:00,9.6,7.5,87,0,,7,18.5,11.1,1021.2,0,2
2025-12-19 07:00:00,10.7,7.8,82,0,,7,20.4,9.3,1021.5,0,2
2025-12-19 08:00:00,10.9,8.1,83,0,,9,18.5,11.1,1021.5,0,2
2025-12-19 09:00:00,11.1,8,81,0,,9,18.5,13,1021.7,12,2
2025-12-19 10:00:00,11.6,8.5,81,0,,10,18.5,11.1,1021.8,20,3
2025-12-19 11:00:00,12.7,9.3,80,0,,15,18.5,13,1022,23,3
2025-12-19 12:00:00,14,10.4,79,0,,21,16.7,14.8,1021.7,24,3
2025-12-19 13:00:00,14.7,11.1,79,0,,26,14.8,11.1,1021,25,3
2025-12-19 14:00:00,15.2,12,81,0,,36,14.8,13,1020.4,21,3
2025-12-19 15:00:00,15.3,12.4,83,0,,36,14.8,11.1,1020.1,20,3
2025-12-19 16:00:00,15.1,12.6,85,0,,32,14.8,11.1,1020.1,18,3
2025-12-19 17:00:00,14.6,13,90,0,,38,14.8,9.3,1020.2,9,3
2025-12-19 18:00:00,14.1,12.8,92,0,,42,14.8,7.4,1020.3,4,3
2025-12-19 19:00:00,12.4,12.4,100,0,,41,16.7,3.7,1020.5,0,3
2025-12-19 20:00:00,12.4,12.4,100,0,,43,14.8,9.3,1020.4,0,3
2025-12-19 21:00:00,12.2,12,99,0,,44,16.7,9.3,1020.5,0,3
2025-12-19 22:00:00,12.2,11.9,98,0,,37,16.7,9.3,1020.3,0,3
2025-12-19 23:00:00,12.2,11.9,98,0,,39,14.8,13,1020.5,0,3
2025-12-20 00:00:00,12.2,11.7,97,0,,35,16.7,13,1020.2,0,3
2025-12-20 01:00:00,12.2,11.6,96,0,,27,16.7,11.1,1019.7,0,3
2025-12-20 02:00:00,12.2,11.3,94,0,,21,14.8,14.8,1019.4,0,3
2025-12-20 03:00:00,12.2,11.6,96,0,,17,16.7,14.8,1019.1,0,3
2025-12-20 04:00:00,12.1,11.3,95,0,,16,16.7,11.1,1018.7,0,3
2025-12-20 05:00:00,11.9,11,94,0,,14,16.7,13,1018.3,0,3
2025-12-20 06:00:00,11.9,11,94,0,,11,16.7,13,1018.1,0,3
2025-12-20 07:00:00,12.1,10.5,90,0,,11,16.7,11.1,1018,0,3
2025-12-20 08:00:00,12.2,10.4,89,0,,8,16.7,11.1,1018,0,3
2025-12-20 09:00:00,12.2,10.3,88,0,,8,16.7,11.1,1018.2,1,3
2025-12-20 10:00:00,12.7,10.4,86,0,,8,14.8,11.1,1018.2,5,3
2025-12-20 11:00:00,13.5,11,85,0,,11,13,13,1018.3,4,3
2025-12-20 12:00:00,14.1,11.3,83,0,,15,13,13,1017.4,4,3
2025-12-20 13:00:00,14.9,11.7,81,0,,20,13,14.8,1016.7,5,3
2025-12-20 14:00:00,15.4,11.8,79,0,,20,13,14.8,1016,8,3
2025-12-20 15:00:00,15.5,11.9,79,0,,10,11.1,14.8,1015.2,10,3
2025-12-20 16:00:00,15.2,11.8,80,0,,339,11.1,14.8,1014.9,9,3
2025-12-20 17:00:00,14.4,11.5,83,0,,351,9.3,14.8,1014.6,5,2
2025-12-20 18:00:00,13.8,11.3,85,0,,17,9.3,13,1014.3,2,2
2025-12-20 19:00:00,11.6,11.1,97,0,,8,9.3,13,1014.1,0,2
2025-12-20 20:00:00,11.2,11,99,0,,359,9.3,16.7,1013.9,0,2
2025-12-20 21:00:00,11.2,10.1,93,0,,8,9.3,20.4,1013.9,0,2
2025-12-20 22:00:00,11.1,9.4,89,0,,1,9.3,18.5,1013.5,0,2
2025-12-20 23:00:00,11,9.3,89,0,,355,9.3,20.4,1013.1,0,2
2025-12-21 00:00:00,11,9.1,88,0,,354,11.1,18.5,1012.8,0,2
2025-12-21 01:00:00,10.8,9.1,89,0,,354,11.1,20.4,1012,0,3
2025-12-21 02:00:00,10.7,8.8,88,0,,355,11.1,20.4,1011.9,0,3
2025-12-21 03:00:00,10.6,8.4,86,0,,3,13,20.4,1011.7,0,3
2025-12-21 04:00:00,10.5,8.4,87,0,,3,11.1,20.4,1011.3,0,3
2025-12-21 05:00:00,10.4,8,85,0,,356,11.1,20.4,1010.8,0,3
2025-12-21 06:00:00,10.3,7.9,85,0,,356,13,22.2,1010.3,0,3
2025-12-21 07:00:00,11,8,82,0,,1,13,20.4,1010.2,0,3
2025-12-21 08:00:00,11,7.9,81,0,,357,13,24.1,1010.2,0,3
2025-12-21 09:00:00,11.1,7.4,78,0,,357,13,24.1,1010.3,18,3
2025-12-21 10:00:00,11.4,7.7,78,0,,357,13,24.1,1010.2,25,3
2025-12-21 11:00:00,11.9,8.6,80,0,,354,13,24.1,1010,30,3
2025-12-21 12:00:00,12.7,9,78,0,,353,11.1,24.1,1009.5,30,3
2025-12-21 13:00:00,13.4,9.1,75,0,,340,11.1,25.9,1008.8,26,3
2025-12-21 14:00:00,13.4,9.1,75,0,,305,11.1,27.8,1008.1,26,3
2025-12-21 15:00:00,13.6,8.6,72,0,,284,11.1,27.8,1007.6,25,3
2025-12-21 16:00:00,13.4,8.7,73,0,,278,11.1,25.9,1007.2,24,3
2025-12-21 17:00:00,12.9,8.8,76,0,,281,11.1,25.9,1007.3,15,3
2025-12-21 18:00:00,12.4,9,80,0,,281,9.3,24.1,1007.1,8,3
2025-12-21 19:00:00,10.8,9.2,90,0,,286,9.3,25.9,1007,0,3
2025-12-21 20:00:00,10.6,9,90,0,,299,9.3,24.1,1006.8,0,3
2025-12-21 21:00:00,10.6,7.7,82,0,,319,11.1,25.9,1006.9,0,2
2025-12-21 22:00:00,10.5,7.4,81,0,,349,11.1,25.9,1006.8,0,2
2025-12-21 23:00:00,10.4,6.7,78,0,,354,13,27.8,1006.4,0,2
