,fecha_scrapeo,Num_flight,Name_Destiny,Time_flight,flight_capacity,Type_f,week_day,day_time,OCC,OCC_pred
0,2025-11-17,FR3180,rome,06:00:00,189,EU,Lunes,Mañana,,0.95
1,2025-11-17,FR846,milan,06:10:00,189,EU,Lunes,Mañana,,0.95
2,2025-11-17,FR2233,al aaroui,06:20:00,189,INT,Lunes,Mañana,,0.82
3,2025-11-17,FR8384,budapest,06:25:00,189,EU,Lunes,Mañana,,0.98
4,2025-11-17,FR3078,lisbon,06:30:00,189,EU,Lunes,Mañana,,0.98
5,2025-11-17,FR3035,krakow,06:45:00,189,EU,Lunes,Mañana,,0.98
6,2025-11-17,FR8215,london,06:45:00,197,INT,Lunes,Mañana,,0.92
7,2025-11-17,FR3028,ibiza,07:35:00,189,NAC,Lunes,Mañana,,0.56
8,2025-11-17,FR1342,palma de mallorca,07:40:00,180,NAC,Lunes,Mañana,,0.64
9,2025-11-17,FR1165,sevilla,07:55:00,189,NAC,Lunes,Mañana,,0.96
10,2025-11-17,FR58,napoli,08:35:00,197,EU,Lunes,Mañana,,0.98
11,2025-11-17,FR575,bologna,08:40:00,189,EU,Lunes,Mañana,,0.97
12,2025-11-17,FR12,vienna,09:00:00,180,EU,Lunes,Mañana,,0.98
13,2025-11-17,FR6078,ouarzazate,09:05:00,189,INT,Lunes,Mañana,,0.6
14,2025-11-17,FR2834,charleroi,09:40:00,189,EU,Lunes,Mañana,,0.95
15,2025-11-17,FR2495,palma de mallorca,09:45:00,189,NAC,Lunes,Mañana,,0.83
16,2025-11-17,FR4545,porto,09:50:00,189,EU,Lunes,Mañana,,0.9
17,2025-11-17,FR6559,liverpool,10:15:00,189,INT,Lunes,Mañana,,0.95
18,2025-11-17,FR3143,milan,10:20:00,189,EU,Lunes,Mañana,,0.95
19,2025-11-17,FR7808,london,10:35:00,197,INT,Lunes,Mañana,,0.94
20,2025-11-17,FR2239,marrakech,10:45:00,189,INT,Lunes,Mañana,,0.91
21,2025-11-17,FR3121,paris,10:45:00,189,EU,Lunes,Mañana,,0.98
22,2025-11-17,FR3976,dublin,10:45:00,189,INT,Lunes,Mañana,,0.95
23,2025-11-17,FR3039,prague,10:55:00,189,EU,Lunes,Mañana,,0.98
24,2025-11-17,FR9045,london,11:00:00,189,INT,Lunes,Mañana,,0.94
25,2025-11-17,FR7539,milan,11:30:00,189,EU,Lunes,Mañana,,0.95
26,2025-11-17,FR1279,copenhagen,11:35:00,189,EU,Lunes,Mañana,,0.97
27,2025-11-17,FR777,venice,11:55:00,197,EU,Lunes,Mañana,,0.97
28,2025-11-17,FR8217,london,12:00:00,189,INT,Lunes,Tarde,,0.94
29,2025-11-17,FR3129,ibiza,12:35:00,189,NAC,Lunes,Tarde,,0.77
30,2025-11-17,FR6973,rome,12:35:00,197,EU,Lunes,Tarde,,0.95
31,2025-11-17,FR774,torino,12:40:00,189,EU,Lunes,Tarde,,0.97
32,2025-11-17,FR3108,luxembourg,13:00:00,197,EU,Lunes,Tarde,,0.93
33,2025-11-17,FR8631,tanger,13:20:00,189,INT,Lunes,Tarde,,0.94
34,2025-11-17,FR4585,porto,13:40:00,189,EU,Lunes,Tarde,,0.91
35,2025-11-17,FR3189,fes,13:50:00,189,INT,Lunes,Tarde,,0.87
36,2025-11-17,FR3792,birmingham,13:55:00,189,INT,Lunes,Tarde,,0.96
37,2025-11-17,FR2889,palma de mallorca,14:05:00,189,NAC,Lunes,Tarde,,0.9
38,2025-11-17,FR3146,oujda,15:10:00,189,INT,Lunes,Tarde,,0.8
39,2025-11-17,FR1681,frankfurt-hahn,15:35:00,189,EU,Lunes,Tarde,,0.98
40,2025-11-17,FR867,venice,16:05:00,189,EU,Lunes,Tarde,,0.97
41,2025-11-17,FR9811,london,16:05:00,189,INT,Lunes,Tarde,,0.94
42,2025-11-17,FR2507,cologne-bonn,16:45:00,197,EU,Lunes,Tarde,,0.98
43,2025-11-17,FR5718,bratislava,16:50:00,189,EU,Lunes,Tarde,,0.94
44,2025-11-17,FR6305,milan,16:50:00,189,EU,Lunes,Tarde,,0.95
45,2025-11-17,FR6874,dublin,16:55:00,189,INT,Lunes,Tarde,,0.95
46,2025-11-17,FR5270,manchester,17:05:00,189,INT,Lunes,Tarde,,0.96
47,2025-11-17,FR6300,sofia,17:05:00,189,EU,Lunes,Tarde,,0.97
48,2025-11-17,FR1786,vilnius,17:30:00,189,EU,Lunes,Tarde,,0.98
49,2025-11-17,FR2922,brussels,17:30:00,189,EU,Lunes,Tarde,,0.95
50,2025-11-17,FR333,gdansk,17:55:00,189,EU,Lunes,Tarde,,0.98
51,2025-11-17,FR269,milan,18:00:00,189,EU,Lunes,Tarde,,0.95
52,2025-11-17,FR3320,milan,18:30:00,197,EU,Lunes,Tarde,,0.95
53,2025-11-17,FR3174,ibiza,18:45:00,189,NAC,Lunes,Tarde,,0.79
54,2025-11-17,FR3185,rabat,19:05:00,189,INT,Lunes,Tarde,,0.91
55,2025-11-17,FR9307,cork,19:15:00,189,INT,Lunes,Tarde,,0.92
56,2025-11-17,FR8231,london,19:25:00,189,INT,Lunes,Tarde,,0.94
57,2025-11-17,FR2896,palma de mallorca,19:40:00,180,NAC,Lunes,Tarde,,0.9
58,2025-11-17,FR133,berlin,19:45:00,197,EU,Lunes,Tarde,,0.98
59,2025-11-17,FR7351,vienna,19:45:00,180,EU,Lunes,Tarde,,0.98
60,2025-11-17,FR3080,malaga,20:00:00,189,NAC,Lunes,Noche,,0.92
61,2025-11-17,FR3807,charleroi,20:05:00,189,EU,Lunes,Noche,,0.95
62,2025-11-17,FR6341,rome,20:10:00,189,EU,Lunes,Noche,,0.95
63,2025-11-17,FR6597,manchester,20:10:00,189,INT,Lunes,Noche,,0.96
64,2025-11-17,FR5710,napoli,20:40:00,189,EU,Lunes,Noche,,0.98
65,2025-11-17,FR8394,budapest,20:40:00,197,EU,Lunes,Noche,,0.98
66,2025-11-17,FR2098,bologna,20:50:00,189,EU,Lunes,Noche,,0.97
67,2025-11-17,FR3928,trieste,20:50:00,189,EU,Lunes,Noche,,0.92
68,2025-11-17,FR878,venice,20:55:00,189,EU,Lunes,Noche,,0.97
69,2025-11-17,FR6275,edinburgh,21:05:00,197,INT,Lunes,Noche,,0.98
70,2025-11-17,FR6920,dublin,21:10:00,189,INT,Lunes,Noche,,0.95
71,2025-11-17,FR2402,sevilla,21:30:00,189,NAC,Lunes,Noche,,0.96
72,2025-11-17,FR4084,warsaw,21:30:00,189,EU,Lunes,Noche,,0.98
73,2025-11-17,FR3168,newcastle,21:45:00,189,INT,Lunes,Noche,,0.88
74,2025-11-17,FR4587,porto,21:45:00,197,EU,Lunes,Noche,,0.88
75,2025-11-17,FR1527,valletta,21:50:00,197,EU,Lunes,Noche,,0.91
76,2025-11-17,FR2250,marrakech,21:50:00,197,EU,Lunes,Noche,,0.88
77,2025-11-17,FR8574,rome,22:20:00,189,EU,Lunes,Noche,,0.93
78,2025-11-18,FR3189,fes,06:15:00,189,INT,Martes,Mañana,,0.6
79,2025-11-18,FR2507,cologne-bonn,06:20:00,197,EU,Martes,Mañana,,0.98
80,2025-11-18,FR4545,porto,06:35:00,197,EU,Martes,Mañana,,0.8
81,2025-11-18,FR3166,palermo,07:35:00,189,EU,Martes,Mañana,,0.96
82,2025-11-18,FR5718,bratislava,07:35:00,189,EU,Martes,Mañana,,0.92
83,2025-11-18,FR3193,riga,07:55:00,189,EU,Martes,Mañana,,0.93
84,2025-11-18,FR133,berlin,08:50:00,189,EU,Martes,Mañana,,0.98
85,2025-11-18,FR3035,krakow,09:10:00,189,EU,Martes,Mañana,,0.98
86,2025-11-18,FR3807,charleroi,09:10:00,189,EU,Martes,Mañana,,0.95
87,2025-11-18,FR12,vienna,10:15:00,180,EU,Martes,Mañana,,0.98
88,2025-11-18,FR1279,copenhagen,10:25:00,197,EU,Martes,Mañana,,0.97
89,2025-11-18,FR5270,manchester,10:30:00,197,INT,Martes,Mañana,,0.96
90,2025-11-18,FR58,napoli,11:40:00,189,EU,Martes,Mañana,,0.98
91,2025-11-18,FR3108,luxembourg,12:15:00,189,EU,Martes,Tarde,,0.93
92,2025-11-18,FR8384,budapest,12:35:00,197,EU,Martes,Tarde,,0.98
93,2025-11-18,FR6267,edinburgh,12:55:00,197,INT,Martes,Tarde,,0.98
94,2025-11-18,FR2239,marrakech,14:00:00,189,INT,Martes,Tarde,,0.91
95,2025-11-18,FR3076,stockholm,14:05:00,189,EU,Martes,Tarde,,0.98
96,2025-11-18,FR3792,birmingham,16:20:00,197,INT,Martes,Tarde,,0.96
97,2025-11-18,FR846,milan,16:55:00,189,EU,Martes,Tarde,,0.95
98,2025-11-18,FR1165,sevilla,17:05:00,197,NAC,Martes,Tarde,,0.96
99,2025-11-18,FR575,bologna,17:25:00,197,EU,Martes,Tarde,,0.97
100,2025-11-18,FR3180,rome,18:00:00,189,EU,Martes,Tarde,,0.95
101,2025-11-18,FR6300,sofia,18:15:00,197,EU,Martes,Tarde,,0.97
102,2025-11-18,FR777,venice,18:40:00,189,EU,Martes,Tarde,,0.97
103,2025-11-18,FR2834,charleroi,18:45:00,197,EU,Martes,Tarde,,0.95
104,2025-11-18,FR9015,london,19:25:00,189,INT,Martes,Tarde,,0.94
105,2025-11-18,FR4084,warsaw,20:15:00,189,EU,Martes,Noche,,0.98
106,2025-11-18,FR6394,dublin,21:15:00,197,INT,Martes,Noche,,0.95
107,2025-11-18,FR4585,porto,22:00:00,197,EU,Martes,Noche,,0.88
108,2025-11-19,FR2918,brussels,06:05:00,189,EU,Miércoles,Mañana,,0.95
109,2025-11-19,FR3185,rabat,06:05:00,189,INT,Miércoles,Mañana,,0.76
110,2025-11-19,FR9406,fes,06:05:00,189,INT,Miércoles,Mañana,,0.6
111,2025-11-19,FR483,malaga,06:15:00,189,NAC,Miércoles,Mañana,,0.84
112,2025-11-19,FR2239,marrakech,06:35:00,189,INT,Miércoles,Mañana,,0.8
113,2025-11-19,FR3028,ibiza,06:45:00,189,NAC,Miércoles,Mañana,,0.55
114,2025-11-19,FR3108,luxembourg,06:50:00,197,EU,Miércoles,Mañana,,0.89
115,2025-11-19,FR8384,budapest,09:30:00,189,EU,Miércoles,Mañana,,0.98
116,2025-11-19,FR2834,charleroi,09:45:00,197,EU,Miércoles,Mañana,,0.95
117,2025-11-19,FR4545,porto,09:45:00,197,EU,Miércoles,Mañana,,0.9
118,2025-11-19,FR3049,krakow,09:55:00,197,EU,Miércoles,Mañana,,0.98
119,2025-11-19,FR3078,lisbon,10:15:00,189,EU,Miércoles,Mañana,,0.98
120,2025-11-19,FR3039,prague,10:20:00,189,EU,Miércoles,Mañana,,0.98
121,2025-11-19,FR6267,edinburgh,10:45:00,197,INT,Miércoles,Mañana,,0.98
122,2025-11-19,FR2507,cologne-bonn,11:00:00,197,EU,Miércoles,Mañana,,0.98
123,2025-11-19,FR575,bologna,11:40:00,189,EU,Miércoles,Mañana,,0.97
124,2025-11-19,FR9925,frankfurt-hahn,12:35:00,189,EU,Miércoles,Tarde,,0.98
125,2025-11-19,FR6597,manchester,13:00:00,197,INT,Miércoles,Tarde,,0.96
126,2025-11-19,FR3792,birmingham,13:10:00,189,INT,Miércoles,Tarde,,0.96
127,2025-11-19,FR777,venice,15:10:00,197,EU,Miércoles,Tarde,,0.97
128,2025-11-19,FR12,vienna,15:15:00,197,EU,Miércoles,Tarde,,0.98
129,2025-11-19,FR3035,krakow,16:15:00,197,EU,Miércoles,Tarde,,0.98
130,2025-11-19,FR3928,trieste,16:50:00,189,EU,Miércoles,Tarde,,0.93
131,2025-11-19,FR5718,bratislava,16:50:00,189,EU,Miércoles,Tarde,,0.94
132,2025-11-19,FR4585,porto,17:30:00,189,EU,Miércoles,Tarde,,0.91
133,2025-11-19,FR3180,rome,18:00:00,189,EU,Miércoles,Tarde,,0.95
134,2025-11-19,FR8231,london,19:00:00,189,INT,Miércoles,Tarde,,0.94
135,2025-11-19,FR1165,sevilla,19:10:00,197,NAC,Miércoles,Tarde,,0.96
136,2025-11-19,FR9334,marrakech,19:10:00,189,INT,Miércoles,Tarde,,0.91
137,2025-11-19,FR1342,palma de mallorca,19:15:00,189,NAC,Miércoles,Tarde,,0.91
138,2025-11-19,FR133,berlin,19:35:00,197,EU,Miércoles,Tarde,,0.98
139,2025-11-19,FR3143,milan,19:55:00,189,EU,Miércoles,Tarde,,0.95
140,2025-11-19,FR58,napoli,20:10:00,197,EU,Miércoles,Noche,,0.98
141,2025-11-19,FR5246,vilnius,20:10:00,197,EU,Miércoles,Noche,,0.98
142,2025-11-19,FR6394,dublin,22:05:00,189,INT,Miércoles,Noche,,0.93
143,2025-11-20,FR8215,london,06:00:00,189,INT,Jueves,Mañana,,0.92
144,2025-11-20,FR2918,brussels,06:05:00,189,EU,Jueves,Mañana,,0.95
145,2025-11-20,FR3976,dublin,06:15:00,197,INT,Jueves,Mañana,,0.95
146,2025-11-20,FR3049,krakow,06:40:00,197,EU,Jueves,Mañana,,0.98
147,2025-11-20,FR3028,ibiza,06:45:00,189,NAC,Jueves,Mañana,,0.55
148,2025-11-20,FR2495,palma de mallorca,07:20:00,180,NAC,Jueves,Mañana,,0.62
149,2025-11-20,FR133,berlin,07:25:00,189,EU,Jueves,Mañana,,0.98
150,2025-11-20,FR2507,cologne-bonn,07:45:00,197,EU,Jueves,Mañana,,0.98
151,2025-11-20,FR575,bologna,08:05:00,189,EU,Jueves,Mañana,,0.97
152,2025-11-20,FR774,torino,08:05:00,189,EU,Jueves,Mañana,,0.97
153,2025-11-20,FR3928,trieste,08:40:00,189,EU,Jueves,Mañana,,0.89
154,2025-11-20,FR6973,rome,08:40:00,189,EU,Jueves,Mañana,,0.95
155,2025-11-20,FR5710,napoli,09:05:00,189,EU,Jueves,Mañana,,0.98
156,2025-11-20,FR12,vienna,09:10:00,180,EU,Jueves,Mañana,,0.98
157,2025-11-20,FR3320,milan,09:30:00,189,EU,Jueves,Mañana,,0.95
158,2025-11-20,FR1279,copenhagen,10:00:00,197,EU,Jueves,Mañana,,0.97
159,2025-11-20,FR1165,sevilla,10:20:00,189,NAC,Jueves,Mañana,,0.96
160,2025-11-20,FR3121,paris,10:25:00,189,EU,Jueves,Mañana,,0.98
161,2025-11-20,FR8384,budapest,10:25:00,189,EU,Jueves,Mañana,,0.98
162,2025-11-20,FR3792,birmingham,11:00:00,189,INT,Jueves,Mañana,,0.96
163,2025-11-20,FR4545,porto,11:00:00,197,EU,Jueves,Mañana,,0.91
164,2025-11-20,FR3076,stockholm,11:10:00,189,EU,Jueves,Mañana,,0.98
165,2025-11-20,FR483,malaga,11:10:00,189,NAC,Jueves,Mañana,,0.92
166,2025-11-20,FR6597,manchester,11:20:00,189,INT,Jueves,Mañana,,0.96
167,2025-11-20,FR2239,marrakech,12:30:00,189,INT,Jueves,Tarde,,0.91
168,2025-11-20,FR3160,bristol,12:45:00,189,INT,Jueves,Tarde,,0.94
169,2025-11-20,FR1681,frankfurt-hahn,13:00:00,189,EU,Jueves,Tarde,,0.98
170,2025-11-20,FR3039,prague,13:30:00,197,EU,Jueves,Tarde,,0.98
171,2025-11-20,FR269,milan,13:40:00,189,EU,Jueves,Tarde,,0.95
172,2025-11-20,FR6267,edinburgh,13:45:00,197,INT,Jueves,Tarde,,0.98
173,2025-11-20,FR846,milan,13:45:00,197,EU,Jueves,Tarde,,0.95
174,2025-11-20,FR2233,al aaroui,14:00:00,189,INT,Jueves,Tarde,,0.92
175,2025-11-20,FR3189,fes,15:00:00,189,INT,Jueves,Tarde,,0.87
176,2025-11-20,FR149,berlin,15:40:00,189,EU,Jueves,Tarde,,0.98
177,2025-11-20,FR2922,brussels,16:05:00,189,EU,Jueves,Tarde,,0.95
178,2025-11-20,FR9045,london,16:30:00,197,INT,Jueves,Tarde,,0.94
179,2025-11-20,FR9913,tallinn,16:30:00,197,EU,Jueves,Tarde,,0.98
180,2025-11-20,FR4585,porto,16:35:00,197,EU,Jueves,Tarde,,0.91
181,2025-11-20,FR2098,bologna,17:15:00,189,EU,Jueves,Tarde,,0.97
182,2025-11-20,FR8394,budapest,17:30:00,189,EU,Jueves,Tarde,,0.98
183,2025-11-20,FR6300,sofia,17:45:00,189,EU,Jueves,Tarde,,0.97
184,2025-11-20,FR5718,bratislava,18:00:00,189,EU,Jueves,Tarde,,0.94
185,2025-11-20,FR6341,rome,18:00:00,189,EU,Jueves,Tarde,,0.95
186,2025-11-20,FR3078,lisbon,18:30:00,189,EU,Jueves,Tarde,,0.98
187,2025-11-20,FR6394,dublin,18:30:00,197,INT,Jueves,Tarde,,0.95
188,2025-11-20,FR3800,birmingham,18:45:00,189,INT,Jueves,Tarde,,0.96
189,2025-11-20,FR3193,riga,19:05:00,189,EU,Jueves,Tarde,,0.94
190,2025-11-20,FR1342,palma de mallorca,19:25:00,189,NAC,Jueves,Tarde,,0.91
191,2025-11-20,FR8217,london,19:25:00,189,INT,Jueves,Tarde,,0.94
192,2025-11-20,FR8598,reggio calabria,19:45:00,189,EU,Jueves,Tarde,,0.82
193,2025-11-20,FR8631,tanger,19:55:00,189,INT,Jueves,Tarde,,0.94
194,2025-11-20,FR3143,milan,20:25:00,189,EU,Jueves,Noche,,0.95
195,2025-11-20,FR4587,porto,20:45:00,189,EU,Jueves,Noche,,0.9
196,2025-11-20,FR333,gdansk,21:00:00,189,EU,Jueves,Noche,,0.98
197,2025-11-20,FR1527,valletta,21:20:00,189,EU,Jueves,Noche,,0.94
198,2025-11-20,FR3035,krakow,21:30:00,197,EU,Jueves,Noche,,0.98
199,2025-11-20,FR4084,warsaw,21:30:00,189,EU,Jueves,Noche,,0.98
200,2025-11-21,FR8183,bologna,06:10:00,189,EU,Viernes,Mañana,,0.96
201,2025-11-21,FR8231,london,06:10:00,189,INT,Viernes,Mañana,,0.92
202,2025-11-21,FR777,venice,06:20:00,189,EU,Viernes,Mañana,,0.96
203,2025-11-21,FR846,milan,06:25:00,189,EU,Viernes,Mañana,,0.95
204,2025-11-21,FR133,berlin,06:35:00,189,EU,Viernes,Mañana,,0.98
205,2025-11-21,FR4545,porto,06:45:00,197,EU,Viernes,Mañana,,0.81
206,2025-11-21,FR2889,palma de mallorca,07:40:00,180,NAC,Viernes,Mañana,,0.64
207,2025-11-21,FR3976,dublin,08:00:00,189,INT,Viernes,Mañana,,0.95
208,2025-11-21,FR3185,rabat,08:10:00,189,INT,Viernes,Mañana,,0.82
209,2025-11-21,FR6973,rome,08:15:00,189,EU,Viernes,Mañana,,0.95
210,2025-11-21,FR5752,valletta,08:40:00,197,EU,Viernes,Mañana,,0.94
211,2025-11-21,FR1165,sevilla,09:00:00,189,NAC,Viernes,Mañana,,0.96
212,2025-11-21,FR2834,charleroi,09:15:00,197,EU,Viernes,Mañana,,0.95
213,2025-11-21,FR12,vienna,09:25:00,180,EU,Viernes,Mañana,,0.98
214,2025-11-21,FR3028,ibiza,09:40:00,189,NAC,Viernes,Mañana,,0.62
215,2025-11-21,FR3320,milan,09:45:00,189,EU,Viernes,Mañana,,0.95
216,2025-11-21,FR9015,london,10:00:00,197,INT,Viernes,Mañana,,0.94
217,2025-11-21,FR6920,dublin,10:05:00,197,INT,Viernes,Mañana,,0.95
218,2025-11-21,FR2239,marrakech,10:20:00,189,INT,Viernes,Mañana,,0.92
219,2025-11-21,FR6267,edinburgh,10:30:00,189,INT,Viernes,Mañana,,0.98
220,2025-11-21,FR5270,manchester,10:55:00,197,INT,Viernes,Mañana,,0.96
221,2025-11-21,FR8384,budapest,11:00:00,189,EU,Viernes,Mañana,,0.98
222,2025-11-21,FR3166,palermo,11:10:00,189,EU,Viernes,Mañana,,0.97
223,2025-11-21,FR269,milan,11:20:00,189,EU,Viernes,Mañana,,0.95
224,2025-11-21,FR3121,paris,11:35:00,197,EU,Viernes,Mañana,,0.98
225,2025-11-21,FR2896,palma de mallorca,11:35:00,180,NAC,Viernes,Mañana,,0.92
226,2025-11-21,FR3049,krakow,11:45:00,189,EU,Viernes,Mañana,,0.98
227,2025-11-21,FR774,torino,11:55:00,197,EU,Viernes,Mañana,,0.97
228,2025-11-21,FR4585,porto,12:15:00,189,EU,Viernes,Tarde,,0.92
229,2025-11-21,FR575,bologna,12:45:00,189,EU,Viernes,Tarde,,0.97
230,2025-11-21,FR58,napoli,12:45:00,189,EU,Viernes,Tarde,,0.98
231,2025-11-21,FR6874,dublin,12:55:00,189,INT,Viernes,Tarde,,0.95
232,2025-11-21,FR6078,ouarzazate,13:50:00,189,INT,Viernes,Tarde,,0.84
233,2025-11-21,FR3180,rome,13:55:00,189,EU,Viernes,Tarde,,0.95
234,2025-11-21,FR7351,vienna,14:20:00,180,EU,Viernes,Tarde,,0.98
235,2025-11-21,FR8215,london,14:35:00,189,INT,Viernes,Tarde,,0.94
236,2025-11-21,FR2507,cologne-bonn,14:55:00,189,EU,Viernes,Tarde,,0.98
237,2025-11-21,FR867,venice,14:55:00,189,EU,Viernes,Tarde,,0.97
238,2025-11-21,FR1342,palma de mallorca,15:00:00,189,NAC,Viernes,Tarde,,0.93
239,2025-11-21,FR5718,bratislava,15:10:00,189,EU,Viernes,Tarde,,0.94
240,2025-11-21,FR483,malaga,15:25:00,197,NAC,Viernes,Tarde,,0.93
241,2025-11-21,FR9045,london,16:05:00,189,INT,Viernes,Tarde,,0.94
242,2025-11-21,FR2925,brussels,16:15:00,189,EU,Viernes,Tarde,,0.95
243,2025-11-21,FR6985,rome,16:15:00,189,EU,Viernes,Tarde,,0.95
244,2025-11-21,FR3129,ibiza,16:45:00,189,NAC,Viernes,Tarde,,0.81
245,2025-11-21,FR878,venice,16:55:00,189,EU,Viernes,Tarde,,0.97
246,2025-11-21,FR4587,porto,17:05:00,189,EU,Viernes,Tarde,,0.93
247,2025-11-21,FR3076,stockholm,17:30:00,197,EU,Viernes,Tarde,,0.98
248,2025-11-21,FR6341,rome,18:00:00,189,EU,Viernes,Tarde,,0.95
249,2025-11-21,FR6353,milan,18:00:00,197,EU,Viernes,Tarde,,0.95
250,2025-11-21,FR2098,bologna,18:35:00,189,EU,Viernes,Tarde,,0.97
251,2025-11-21,FR3189,fes,18:50:00,189,INT,Viernes,Tarde,,0.9
252,2025-11-21,FR149,berlin,19:15:00,197,EU,Viernes,Tarde,,0.98
253,2025-11-21,FR3078,lisbon,19:20:00,189,EU,Viernes,Tarde,,0.98
254,2025-11-21,FR6330,sofia,19:20:00,189,EU,Viernes,Tarde,,0.97
255,2025-11-21,FR2330,al aaroui,19:35:00,189,INT,Viernes,Tarde,,0.93
256,2025-11-21,FR7362,vienna,19:40:00,180,EU,Viernes,Tarde,,0.98
257,2025-11-21,FR6374,paris,19:45:00,189,EU,Viernes,Tarde,,0.98
258,2025-11-21,FR1527,valletta,20:05:00,189,EU,Viernes,Noche,,0.95
259,2025-11-21,FR2402,sevilla,20:10:00,197,NAC,Viernes,Noche,,0.96
260,2025-11-21,FR6275,edinburgh,20:10:00,197,INT,Viernes,Noche,,0.98
261,2025-11-21,FR6305,milan,20:10:00,189,EU,Viernes,Noche,,0.95
262,2025-11-21,FR3792,birmingham,20:25:00,189,INT,Viernes,Noche,,0.96
263,2025-11-21,FR7539,milan,20:35:00,189,EU,Viernes,Noche,,0.95
264,2025-11-21,FR8631,tanger,20:35:00,189,INT,Viernes,Noche,,0.94
265,2025-11-21,FR1786,vilnius,20:35:00,197,EU,Viernes,Noche,,0.98
266,2025-11-21,FR5710,napoli,20:50:00,197,EU,Viernes,Noche,,0.98
267,2025-11-21,FR8394,budapest,21:00:00,189,EU,Viernes,Noche,,0.98
268,2025-11-21,FR3174,ibiza,21:10:00,189,NAC,Viernes,Noche,,0.8
269,2025-11-21,FR6944,warsaw,21:30:00,189,EU,Viernes,Noche,,0.98
270,2025-11-21,FR7808,london,21:35:00,189,INT,Viernes,Noche,,0.91
271,2025-11-21,FR8669,dublin,21:40:00,189,INT,Viernes,Noche,,0.93
272,2025-11-21,FR9811,london,21:40:00,189,INT,Viernes,Noche,,0.9
273,2025-11-21,FR2495,palma de mallorca,21:45:00,189,NAC,Viernes,Noche,,0.92
274,2025-11-21,FR6597,manchester,21:45:00,189,INT,Viernes,Noche,,0.94
275,2025-11-21,FR2250,marrakech,21:55:00,189,INT,Viernes,Noche,,0.89
276,2025-11-21,FR3080,malaga,22:30:00,197,NAC,Viernes,Noche,,0.89
277,2025-11-21,FR9814,london,23:10:00,189,INT,Viernes,Noche,,0.9
278,2025-11-22,FR846,milan,06:00:00,189,EU,Sábado,Mañana,,0.95
279,2025-11-22,FR5718,bratislava,06:10:00,189,EU,Sábado,Mañana,,0.92
280,2025-11-22,FR4545,porto,06:15:00,197,EU,Sábado,Mañana,,0.8
281,2025-11-22,FR1342,palma de mallorca,06:20:00,189,NAC,Sábado,Mañana,,0.63
282,2025-11-22,FR777,venice,06:30:00,189,EU,Sábado,Mañana,,0.96
283,2025-11-22,FR2918,brussels,08:05:00,189,EU,Sábado,Mañana,,0.95
284,2025-11-22,FR3180,rome,08:15:00,189,EU,Sábado,Mañana,,0.95
285,2025-11-22,FR1165,palma de mallorca,08:50:00,189,NAC,Sábado,Mañana,,0.68
286,2025-11-22,FR575,bologna,08:50:00,189,EU,Sábado,Mañana,,0.97
287,2025-11-22,FR3166,palermo,09:00:00,189,EU,Sábado,Mañana,,0.97
288,2025-11-22,FR2834,charleroi,09:15:00,189,EU,Sábado,Mañana,,0.95
289,2025-11-22,FR133,berlin,09:20:00,189,EU,Sábado,Mañana,,0.98
290,2025-11-22,FR2239,marrakech,09:20:00,189,INT,Sábado,Mañana,,0.86
291,2025-11-22,FR3028,ibiza,09:20:00,189,NAC,Sábado,Mañana,,0.57
292,2025-11-22,FR3049,krakow,09:30:00,189,EU,Sábado,Mañana,,0.98
293,2025-11-22,FR6559,liverpool,10:00:00,189,INT,Sábado,Mañana,,0.95
294,2025-11-22,FR9171,stockholm,10:20:00,197,EU,Sábado,Mañana,,0.98
295,2025-11-22,FR3168,newcastle,10:25:00,189,INT,Sábado,Mañana,,0.92
296,2025-11-22,FR9307,cork,10:30:00,197,INT,Sábado,Mañana,,0.92
297,2025-11-22,FR12,vienna,10:30:00,180,EU,Sábado,Mañana,,0.98
298,2025-11-22,FR6394,dublin,11:00:00,197,INT,Sábado,Mañana,,0.95
299,2025-11-22,FR4597,porto,11:20:00,197,EU,Sábado,Mañana,,0.92
300,2025-11-22,FR2507,cologne-bonn,11:55:00,189,EU,Sábado,Mañana,,0.98
301,2025-11-22,FR3108,luxembourg,12:05:00,189,EU,Sábado,Tarde,,0.94
302,2025-11-22,FR8231,london,12:25:00,189,INT,Sábado,Tarde,,0.94
303,2025-11-22,FR483,malaga,13:05:00,189,NAC,Sábado,Tarde,,0.93
304,2025-11-22,FR7808,london,13:20:00,197,INT,Sábado,Tarde,,0.94
305,2025-11-22,FR6597,manchester,13:25:00,189,INT,Sábado,Tarde,,0.96
306,2025-11-22,FR2098,bologna,13:30:00,189,EU,Sábado,Tarde,,0.97
307,2025-11-22,FR1681,frankfurt-hahn,14:00:00,189,EU,Sábado,Tarde,,0.98
308,2025-11-22,FR6920,dublin,14:05:00,189,INT,Sábado,Tarde,,0.95
309,2025-11-22,FR58,napoli,14:15:00,189,EU,Sábado,Tarde,,0.98
310,2025-11-22,FR3070,palma de mallorca,14:40:00,189,NAC,Sábado,Tarde,,0.93
311,2025-11-22,FR774,torino,14:45:00,189,EU,Sábado,Tarde,,0.97
312,2025-11-22,FR3121,paris,14:50:00,189,EU,Sábado,Tarde,,0.98
313,2025-11-22,FR6300,sofia,14:55:00,189,EU,Sábado,Tarde,,0.97
314,2025-11-22,FR3189,fes,15:30:00,189,INT,Sábado,Tarde,,0.9
315,2025-11-22,FR3807,charleroi,16:05:00,197,EU,Sábado,Tarde,,0.95
316,2025-11-22,FR8384,budapest,16:10:00,189,EU,Sábado,Tarde,,0.98
317,2025-11-22,FR7543,manchester,16:20:00,189,INT,Sábado,Tarde,,0.96
318,2025-11-22,FR3146,oujda,16:45:00,189,INT,Sábado,Tarde,,0.83
319,2025-11-22,FR269,milan,16:50:00,189,EU,Sábado,Tarde,,0.95
320,2025-11-22,FR9015,london,17:00:00,197,INT,Sábado,Tarde,,0.94
321,2025-11-22,FR5752,valletta,17:10:00,197,EU,Sábado,Tarde,,0.95
322,2025-11-22,FR6874,dublin,17:40:00,189,INT,Sábado,Tarde,,0.95
323,2025-11-22,FR2233,al aaroui,17:50:00,189,INT,Sábado,Tarde,,0.93
324,2025-11-22,FR2925,brussels,17:50:00,197,EU,Sábado,Tarde,,0.95
325,2025-11-22,FR6353,milan,17:55:00,189,EU,Sábado,Tarde,,0.95
326,2025-11-22,FR878,venice,18:15:00,189,EU,Sábado,Tarde,,0.97
327,2025-11-22,FR3035,krakow,18:20:00,197,EU,Sábado,Tarde,,0.98
328,2025-11-22,FR3792,birmingham,18:55:00,197,INT,Sábado,Tarde,,0.96
329,2025-11-22,FR9045,london,19:05:00,189,INT,Sábado,Tarde,,0.94
330,2025-11-22,FR5270,manchester,19:20:00,189,INT,Sábado,Tarde,,0.96
331,2025-11-22,FR149,berlin,19:35:00,197,EU,Sábado,Tarde,,0.98
332,2025-11-22,FR3078,lisbon,19:55:00,189,EU,Sábado,Tarde,,0.98
333,2025-11-22,FR7351,vienna,20:05:00,180,EU,Sábado,Noche,,0.98
334,2025-11-22,FR867,venice,20:20:00,189,EU,Sábado,Noche,,0.97
335,2025-11-22,FR9581,sevilla,20:25:00,197,NAC,Sábado,Noche,,0.96
336,2025-11-22,FR3182,malaga,20:45:00,189,NAC,Sábado,Noche,,0.92
337,2025-11-22,FR3928,trieste,20:45:00,189,EU,Sábado,Noche,,0.92
338,2025-11-22,FR4585,porto,20:50:00,189,EU,Sábado,Noche,,0.91
339,2025-11-22,FR6267,edinburgh,20:55:00,189,INT,Sábado,Noche,,0.98
340,2025-11-22,FR3174,ibiza,21:20:00,189,NAC,Sábado,Noche,,0.8
341,2025-11-22,FR5220,bologna,21:30:00,189,EU,Sábado,Noche,,0.97
342,2025-11-22,FR3039,prague,21:35:00,197,EU,Sábado,Noche,,0.97
343,2025-11-22,FR3800,birmingham,21:55:00,189,INT,Sábado,Noche,,0.94
344,2025-11-22,FR8574,rome,22:10:00,189,EU,Sábado,Noche,,0.93
345,2025-11-23,FR3180,rome,06:00:00,189,EU,Domingo,Mañana,0.96,0.95
346,2025-11-23,FR2834,charleroi,06:10:00,197,EU,Domingo,Mañana,0.94,0.95
347,2025-11-23,FR2918,brussels,06:25:00,189,EU,Domingo,Mañana,0.94,0.95
348,2025-11-23,FR4084,warsaw,06:25:00,189,EU,Domingo,Mañana,0.99,0.98
349,2025-11-23,FR2239,marrakech,06:30:00,189,INT,Domingo,Mañana,0.87,0.8
350,2025-11-23,FR2507,cologne-bonn,06:40:00,189,EU,Domingo,Mañana,0.99,0.98
351,2025-11-23,FR6597,manchester,07:30:00,189,INT,Domingo,Mañana,0.71,0.95
352,2025-11-23,FR3108,luxembourg,07:35:00,189,EU,Domingo,Mañana,0.96,0.89
353,2025-11-23,FR1165,sevilla,07:50:00,189,NAC,Domingo,Mañana,0.95,0.96
354,2025-11-23,FR878,venice,08:30:00,189,EU,Domingo,Mañana,0.93,0.97
355,2025-11-23,FR1786,vilnius,09:00:00,197,EU,Domingo,Mañana,0.99,0.98
356,2025-11-23,FR3028,ibiza,09:05:00,197,NAC,Domingo,Mañana,0.16,0.57
357,2025-11-23,FR3193,riga,09:10:00,189,EU,Domingo,Mañana,1.0,0.94
358,2025-11-23,FR4545,porto,09:35:00,189,EU,Domingo,Mañana,0.78,0.87
359,2025-11-23,FR333,gdansk,09:45:00,189,EU,Domingo,Mañana,1.0,0.98
360,2025-11-23,FR8384,budapest,09:45:00,197,EU,Domingo,Mañana,0.99,0.98
361,2025-11-23,FR2495,palma de mallorca,09:50:00,189,NAC,Domingo,Mañana,0.96,0.89
362,2025-11-23,FR6341,rome,09:55:00,189,EU,Domingo,Mañana,0.93,0.95
363,2025-11-23,FR3049,krakow,09:55:00,197,EU,Domingo,Mañana,1.0,0.98
364,2025-11-23,FR8231,london,10:00:00,189,INT,Domingo,Mañana,1.0,0.94
365,2025-11-23,FR6874,dublin,10:05:00,197,INT,Domingo,Mañana,0.85,0.95
366,2025-11-23,FR7351,vienna,10:10:00,180,EU,Domingo,Mañana,1.0,0.98
367,2025-11-23,FR575,bologna,10:20:00,189,EU,Domingo,Mañana,0.94,0.97
368,2025-11-23,FR6267,edinburgh,10:30:00,189,INT,Domingo,Mañana,0.93,0.98
369,2025-11-23,FR7543,manchester,10:40:00,197,INT,Domingo,Mañana,0.98,0.96
370,2025-11-23,FR1279,copenhagen,10:45:00,189,EU,Domingo,Mañana,1.0,0.97
371,2025-11-23,FR3143,milan,10:45:00,197,EU,Domingo,Mañana,0.99,0.95
372,2025-11-23,FR3166,palermo,11:00:00,189,EU,Domingo,Mañana,0.98,0.97
373,2025-11-23,FR2889,palma de mallorca,11:55:00,180,NAC,Domingo,Mañana,0.96,0.92
374,2025-11-23,FR3129,ibiza,12:05:00,189,NAC,Domingo,Tarde,0.94,0.79
375,2025-11-23,FR3976,dublin,12:25:00,197,INT,Domingo,Tarde,0.97,0.95
376,2025-11-23,FR1527,valletta,12:30:00,189,EU,Domingo,Tarde,0.81,0.95
377,2025-11-23,FR2402,sevilla,12:30:00,189,NAC,Domingo,Tarde,0.93,0.96
378,2025-11-23,FR6300,sofia,12:45:00,189,EU,Domingo,Tarde,0.94,0.97
379,2025-11-23,FR2511,cologne-bonn,12:55:00,189,EU,Domingo,Tarde,0.99,0.98
380,2025-11-23,FR8598,reggio calabria,13:05:00,189,EU,Domingo,Tarde,0.93,0.84
381,2025-11-23,FR3121,paris,13:20:00,189,EU,Domingo,Tarde,0.99,0.98
382,2025-11-23,FR9811,london,13:40:00,189,INT,Domingo,Tarde,0.98,0.94
383,2025-11-23,FR483,malaga,13:50:00,189,NAC,Domingo,Tarde,,0.93
384,2025-11-23,FR1342,palma de mallorca,14:05:00,189,NAC,Domingo,Tarde,0.97,0.93
385,2025-11-23,FR6920,dublin,14:05:00,197,INT,Domingo,Tarde,0.99,0.95
386,2025-11-23,FR4585,porto,14:10:00,189,EU,Domingo,Tarde,0.91,0.92
387,2025-11-23,FR269,milan,14:55:00,189,EU,Domingo,Tarde,0.98,0.95
388,2025-11-23,FR3320,milan,15:00:00,189,EU,Domingo,Tarde,0.96,0.95
389,2025-11-23,FR774,torino,15:15:00,189,EU,Domingo,Tarde,0.98,0.97
390,2025-11-23,FR3072,prague,15:15:00,189,EU,Domingo,Tarde,0.99,0.98
391,2025-11-23,FR6973,rome,15:30:00,197,EU,Domingo,Tarde,0.95,0.95
392,2025-11-23,FR133,berlin,16:15:00,189,EU,Domingo,Tarde,1.0,0.98
393,2025-11-23,FR2922,brussels,16:15:00,189,EU,Domingo,Tarde,0.96,0.95
394,2025-11-23,FR9814,london,16:40:00,189,INT,Domingo,Tarde,1.0,0.94
395,2025-11-23,FR8669,dublin,16:55:00,189,INT,Domingo,Tarde,0.9,0.95
396,2025-11-23,FR2250,marrakech,17:00:00,189,INT,Domingo,Tarde,0.86,0.93
397,2025-11-23,FR8394,budapest,17:15:00,197,EU,Domingo,Tarde,1.0,0.98
398,2025-11-23,FR5718,bratislava,17:20:00,189,EU,Domingo,Tarde,0.97,0.94
399,2025-11-23,FR12,vienna,17:40:00,189,EU,Domingo,Tarde,1.0,0.98
400,2025-11-23,FR5252,krakow,17:50:00,189,EU,Domingo,Tarde,1.0,0.98
401,2025-11-23,FR1681,frankfurt-hahn,18:00:00,189,EU,Domingo,Tarde,0.99,0.98
402,2025-11-23,FR777,venice,18:00:00,197,EU,Domingo,Tarde,1.0,0.97
403,2025-11-23,FR6305,milan,18:05:00,189,EU,Domingo,Tarde,0.99,0.95
404,2025-11-23,FR2406,sevilla,18:30:00,189,NAC,Domingo,Tarde,0.95,0.96
405,2025-11-23,FR8631,tanger,18:45:00,189,INT,Domingo,Tarde,0.9,0.94
406,2025-11-23,FR6394,dublin,19:10:00,197,INT,Domingo,Tarde,0.89,0.95
407,2025-11-23,FR3160,bristol,19:25:00,189,INT,Domingo,Tarde,1.0,0.94
408,2025-11-23,FR2233,al aaroui,19:40:00,189,INT,Domingo,Tarde,0.84,0.93
409,2025-11-23,FR5710,napoli,19:45:00,189,EU,Domingo,Tarde,0.97,0.98
410,2025-11-23,FR9015,london,19:45:00,189,INT,Domingo,Tarde,0.99,0.94
411,2025-11-23,FR8136,ibiza,20:10:00,189,NAC,Domingo,Noche,1.0,0.81
412,2025-11-23,FR6985,rome,20:30:00,197,EU,Domingo,Noche,0.93,0.95
413,2025-11-23,FR4587,porto,20:40:00,189,EU,Domingo,Noche,0.92,0.92
414,2025-11-23,FR6275,edinburgh,20:50:00,189,INT,Domingo,Noche,1.0,0.98
415,2025-11-23,FR6944,warsaw,20:50:00,189,EU,Domingo,Noche,0.99,0.98
416,2025-11-23,FR8615,budapest,21:00:00,189,EU,Domingo,Noche,0.99,0.98
417,2025-11-23,FR2896,palma de mallorca,21:15:00,189,NAC,Domingo,Noche,1.0,0.92
418,2025-11-23,FR3792,birmingham,21:20:00,189,INT,Domingo,Noche,0.92,0.96
419,2025-11-23,FR5752,valletta,21:45:00,197,EU,Domingo,Noche,0.94,0.92
420,2025-11-23,FR5220,bologna,22:50:00,189,EU,Domingo,Noche,0.99,0.95
421,2025-11-23,FR9406,fes,23:15:00,189,INT,Domingo,Noche,0.88,0.87
422,2025-11-24,FR3180,rome,06:00:00,189,EU,Lunes,Mañana,0.88,0.95
423,2025-11-24,FR846,milan,06:10:00,189,EU,Lunes,Mañana,1.0,0.95
424,2025-11-24,FR2233,al aaroui,06:20:00,189,INT,Lunes,Mañana,0.7,0.82
425,2025-11-24,FR8384,budapest,06:25:00,197,EU,Lunes,Mañana,1.0,0.98
426,2025-11-24,FR3078,lisbon,06:30:00,189,EU,Lunes,Mañana,1.0,0.98
427,2025-11-24,FR3035,krakow,06:45:00,189,EU,Lunes,Mañana,1.0,0.98
428,2025-11-24,FR8215,london,06:45:00,197,INT,Lunes,Mañana,0.98,0.92
429,2025-11-24,FR3028,ibiza,07:35:00,189,NAC,Lunes,Mañana,0.84,0.56
430,2025-11-24,FR1342,palma de mallorca,07:40:00,180,NAC,Lunes,Mañana,0.62,0.64
431,2025-11-24,FR1165,sevilla,07:55:00,189,NAC,Lunes,Mañana,0.99,0.96
432,2025-11-24,FR58,napoli,08:35:00,197,EU,Lunes,Mañana,0.98,0.98
433,2025-11-24,FR575,bologna,08:40:00,189,EU,Lunes,Mañana,1.0,0.97
434,2025-11-24,FR12,vienna,09:00:00,180,EU,Lunes,Mañana,1.0,0.98
435,2025-11-24,FR6078,ouarzazate,09:05:00,189,INT,Lunes,Mañana,0.48,0.6
436,2025-11-24,FR2834,charleroi,09:40:00,189,EU,Lunes,Mañana,0.92,0.95
437,2025-11-24,FR2495,palma de mallorca,09:45:00,189,NAC,Lunes,Mañana,0.84,0.83
438,2025-11-24,FR4545,porto,09:50:00,189,EU,Lunes,Mañana,0.92,0.9
439,2025-11-24,FR6559,liverpool,10:15:00,189,INT,Lunes,Mañana,0.95,0.95
440,2025-11-24,FR3143,milan,10:20:00,189,EU,Lunes,Mañana,0.96,0.95
441,2025-11-24,FR7808,london,10:35:00,197,INT,Lunes,Mañana,0.98,0.94
442,2025-11-24,FR2239,marrakech,10:45:00,189,INT,Lunes,Mañana,0.9,0.91
443,2025-11-24,FR3121,paris,10:45:00,189,EU,Lunes,Mañana,0.99,0.98
444,2025-11-24,FR3976,dublin,10:45:00,189,INT,Lunes,Mañana,0.92,0.95
445,2025-11-24,FR3039,prague,10:55:00,189,EU,Lunes,Mañana,0.98,0.98
446,2025-11-24,FR9045,london,11:00:00,189,INT,Lunes,Mañana,0.99,0.94
447,2025-11-24,FR7539,milan,11:30:00,189,EU,Lunes,Mañana,0.98,0.95
448,2025-11-24,FR1279,copenhagen,11:35:00,189,EU,Lunes,Mañana,0.98,0.97
449,2025-11-24,FR777,venice,11:55:00,197,EU,Lunes,Mañana,0.96,0.97
450,2025-11-24,FR8217,london,12:00:00,189,INT,Lunes,Tarde,0.97,0.94
451,2025-11-24,FR3129,ibiza,12:35:00,189,NAC,Lunes,Tarde,0.7,0.77
452,2025-11-24,FR6973,rome,12:35:00,197,EU,Lunes,Tarde,0.9,0.95
453,2025-11-24,FR774,torino,12:40:00,189,EU,Lunes,Tarde,0.94,0.97
454,2025-11-24,FR3108,luxembourg,13:00:00,197,EU,Lunes,Tarde,0.96,0.93
455,2025-11-24,FR8631,tanger,13:20:00,189,INT,Lunes,Tarde,0.91,0.94
456,2025-11-24,FR4585,porto,13:40:00,189,EU,Lunes,Tarde,0.86,0.91
457,2025-11-24,FR3189,fes,13:50:00,189,INT,Lunes,Tarde,0.77,0.87
458,2025-11-24,FR3792,birmingham,13:55:00,189,INT,Lunes,Tarde,0.94,0.96
459,2025-11-24,FR2889,palma de mallorca,14:05:00,189,NAC,Lunes,Tarde,0.93,0.9
460,2025-11-24,FR3146,oujda,15:10:00,189,INT,Lunes,Tarde,0.76,0.8
461,2025-11-24,FR1681,frankfurt-hahn,15:35:00,189,EU,Lunes,Tarde,0.99,0.98
462,2025-11-24,FR867,venice,16:05:00,189,EU,Lunes,Tarde,0.99,0.97
463,2025-11-24,FR9811,london,16:05:00,189,INT,Lunes,Tarde,1.0,0.94
464,2025-11-24,FR2507,cologne-bonn,16:45:00,197,EU,Lunes,Tarde,0.99,0.98
465,2025-11-24,FR5718,bratislava,16:50:00,189,EU,Lunes,Tarde,0.92,0.94
466,2025-11-24,FR6305,milan,16:50:00,189,EU,Lunes,Tarde,0.96,0.95
467,2025-11-24,FR6874,dublin,16:55:00,189,INT,Lunes,Tarde,0.93,0.95
468,2025-11-24,FR5270,manchester,17:05:00,189,INT,Lunes,Tarde,1.0,0.96
469,2025-11-24,FR6300,sofia,17:05:00,189,EU,Lunes,Tarde,0.97,0.97
470,2025-11-24,FR1786,vilnius,17:30:00,197,EU,Lunes,Tarde,0.99,0.98
471,2025-11-24,FR2922,brussels,17:30:00,189,EU,Lunes,Tarde,0.95,0.95
472,2025-11-24,FR333,gdansk,17:55:00,189,EU,Lunes,Tarde,0.98,0.98
473,2025-11-24,FR269,milan,18:00:00,189,EU,Lunes,Tarde,0.99,0.95
474,2025-11-24,FR3320,milan,18:30:00,197,EU,Lunes,Tarde,0.96,0.95
475,2025-11-24,FR3174,ibiza,18:45:00,189,NAC,Lunes,Tarde,1.0,0.79
476,2025-11-24,FR3185,rabat,19:05:00,189,INT,Lunes,Tarde,0.89,0.91
477,2025-11-24,FR9307,cork,19:15:00,189,INT,Lunes,Tarde,0.9,0.92
478,2025-11-24,FR8231,london,19:25:00,189,INT,Lunes,Tarde,0.99,0.94
479,2025-11-24,FR2896,palma de mallorca,19:40:00,180,NAC,Lunes,Tarde,0.96,0.9
480,2025-11-24,FR133,berlin,19:45:00,189,EU,Lunes,Tarde,0.99,0.98
481,2025-11-24,FR7351,vienna,19:45:00,180,EU,Lunes,Tarde,0.99,0.98
482,2025-11-24,FR3080,malaga,20:00:00,189,NAC,Lunes,Noche,0.97,0.92
483,2025-11-24,FR3807,charleroi,20:05:00,197,EU,Lunes,Noche,0.93,0.95
484,2025-11-24,FR6341,rome,20:10:00,189,EU,Lunes,Noche,0.98,0.95
485,2025-11-24,FR6597,manchester,20:10:00,189,INT,Lunes,Noche,1.0,0.96
486,2025-11-24,FR5710,napoli,20:40:00,189,EU,Lunes,Noche,1.0,0.98
487,2025-11-24,FR8394,budapest,20:40:00,197,EU,Lunes,Noche,0.99,0.98
488,2025-11-24,FR2098,bologna,20:50:00,189,EU,Lunes,Noche,0.94,0.97
489,2025-11-24,FR3928,trieste,20:50:00,189,EU,Lunes,Noche,0.98,0.92
490,2025-11-24,FR878,venice,20:55:00,189,EU,Lunes,Noche,0.97,0.97
491,2025-11-24,FR6275,edinburgh,21:05:00,197,INT,Lunes,Noche,0.95,0.98
492,2025-11-24,FR6920,dublin,21:10:00,189,INT,Lunes,Noche,0.99,0.95
493,2025-11-24,FR2402,sevilla,21:30:00,189,NAC,Lunes,Noche,0.98,0.96
494,2025-11-24,FR4084,warsaw,21:30:00,189,EU,Lunes,Noche,0.99,0.98
495,2025-11-24,FR3168,newcastle,21:45:00,189,INT,Lunes,Noche,0.9,0.88
496,2025-11-24,FR4587,porto,21:45:00,197,EU,Lunes,Noche,0.8,0.88
497,2025-11-24,FR1527,valletta,21:50:00,197,EU,Lunes,Noche,0.92,0.91
498,2025-11-24,FR2250,marrakech,21:50:00,189,INT,Lunes,Noche,0.39,0.88
499,2025-11-24,FR8574,rome,22:20:00,189,EU,Lunes,Noche,0.87,0.93
500,2025-11-25,FR3189,fes,06:15:00,189,INT,Martes,Mañana,0.44,0.6
501,2025-11-25,FR2507,cologne-bonn,06:20:00,189,EU,Martes,Mañana,1.0,0.98
502,2025-11-25,FR4545,porto,06:35:00,189,EU,Martes,Mañana,0.7,0.8
503,2025-11-25,FR3166,palermo,07:35:00,189,EU,Martes,Mañana,0.94,0.96
504,2025-11-25,FR5718,bratislava,07:35:00,189,EU,Martes,Mañana,0.8,0.92
505,2025-11-25,FR3193,riga,07:55:00,189,EU,Martes,Mañana,1.0,0.93
506,2025-11-25,FR133,berlin,08:50:00,189,EU,Martes,Mañana,1.0,0.98
507,2025-11-25,FR3035,krakow,09:10:00,189,EU,Martes,Mañana,1.0,0.98
508,2025-11-25,FR3807,charleroi,09:10:00,197,EU,Martes,Mañana,0.89,0.95
509,2025-11-25,FR12,vienna,10:15:00,180,EU,Martes,Mañana,1.0,0.98
510,2025-11-25,FR1279,copenhagen,10:25:00,197,EU,Martes,Mañana,0.89,0.97
511,2025-11-25,FR5270,manchester,10:30:00,197,INT,Martes,Mañana,0.99,0.96
512,2025-11-25,FR58,napoli,11:40:00,189,EU,Martes,Mañana,0.97,0.98
513,2025-11-25,FR3108,luxembourg,12:15:00,189,EU,Martes,Tarde,0.96,0.93
514,2025-11-25,FR8384,budapest,12:35:00,197,EU,Martes,Tarde,1.0,0.98
515,2025-11-25,FR6267,edinburgh,12:55:00,189,INT,Martes,Tarde,1.0,0.98
516,2025-11-25,FR2239,marrakech,14:00:00,189,INT,Martes,Tarde,0.86,0.91
517,2025-11-25,FR3076,stockholm,14:05:00,189,EU,Martes,Tarde,0.99,0.98
518,2025-11-25,FR3792,birmingham,16:20:00,197,INT,Martes,Tarde,1.0,0.96
519,2025-11-25,FR846,milan,16:55:00,189,EU,Martes,Tarde,1.0,0.95
520,2025-11-25,FR1165,sevilla,17:05:00,197,NAC,Martes,Tarde,0.93,0.96
521,2025-11-25,FR575,bologna,17:25:00,197,EU,Martes,Tarde,0.94,0.97
522,2025-11-25,FR3180,rome,18:00:00,189,EU,Martes,Tarde,0.9,0.95
523,2025-11-25,FR6300,sofia,18:15:00,197,EU,Martes,Tarde,0.97,0.97
524,2025-11-25,FR777,venice,18:40:00,189,EU,Martes,Tarde,1.0,0.97
525,2025-11-25,FR2834,charleroi,18:45:00,197,EU,Martes,Tarde,0.94,0.95
526,2025-11-25,FR9015,london,19:25:00,189,INT,Martes,Tarde,0.98,0.94
527,2025-11-25,FR4084,warsaw,20:15:00,189,EU,Martes,Noche,0.99,0.98
528,2025-11-25,FR6394,dublin,21:15:00,197,INT,Martes,Noche,0.99,0.95
529,2025-11-25,FR4585,porto,22:00:00,197,EU,Martes,Noche,0.8,0.88
530,2025-11-26,FR2918,brussels,06:05:00,189,EU,Miércoles,Mañana,0.99,0.95
531,2025-11-26,FR3185,rabat,06:05:00,189,INT,Miércoles,Mañana,0.73,0.76
532,2025-11-26,FR9406,fes,06:05:00,189,INT,Miércoles,Mañana,0.44,0.6
533,2025-11-26,FR483,malaga,06:15:00,189,NAC,Miércoles,Mañana,0.63,0.84
534,2025-11-26,FR2239,marrakech,06:35:00,189,INT,Miércoles,Mañana,0.88,0.8
535,2025-11-26,FR3028,ibiza,06:45:00,189,NAC,Miércoles,Mañana,0.2,0.55
536,2025-11-26,FR3108,luxembourg,06:50:00,197,EU,Miércoles,Mañana,0.76,0.89
537,2025-11-26,FR8384,budapest,09:30:00,189,EU,Miércoles,Mañana,0.99,0.98
538,2025-11-26,FR4545,porto,09:45:00,189,EU,Miércoles,Mañana,0.82,0.9
539,2025-11-26,FR3049,krakow,09:55:00,197,EU,Miércoles,Mañana,0.98,0.98
540,2025-11-26,FR3078,lisbon,10:15:00,189,EU,Miércoles,Mañana,0.95,0.98
541,2025-11-26,FR3039,prague,10:20:00,189,EU,Miércoles,Mañana,0.98,0.98
542,2025-11-26,FR6267,edinburgh,10:45:00,197,INT,Miércoles,Mañana,0.99,0.98
543,2025-11-26,FR2507,cologne-bonn,11:00:00,197,EU,Miércoles,Mañana,1.0,0.98
544,2025-11-26,FR575,bologna,11:40:00,189,EU,Miércoles,Mañana,0.96,0.97
545,2025-11-26,FR9925,frankfurt-hahn,12:35:00,189,EU,Miércoles,Tarde,0.96,0.98
546,2025-11-26,FR6597,manchester,13:00:00,197,INT,Miércoles,Tarde,1.0,0.96
547,2025-11-26,FR3792,birmingham,13:10:00,189,INT,Miércoles,Tarde,1.0,0.96
548,2025-11-26,FR777,venice,15:10:00,197,EU,Miércoles,Tarde,0.97,0.97
549,2025-11-26,FR12,vienna,15:15:00,197,EU,Miércoles,Tarde,0.99,0.98
550,2025-11-26,FR3035,krakow,16:15:00,197,EU,Miércoles,Tarde,0.99,0.98
551,2025-11-26,FR3928,trieste,16:50:00,189,EU,Miércoles,Tarde,0.94,0.93
552,2025-11-26,FR5718,bratislava,16:50:00,189,EU,Miércoles,Tarde,0.91,0.94
553,2025-11-26,FR4585,porto,17:30:00,189,EU,Miércoles,Tarde,0.87,0.91
554,2025-11-26,FR3180,rome,18:00:00,189,EU,Miércoles,Tarde,0.96,0.95
555,2025-11-26,FR8231,london,19:00:00,189,INT,Miércoles,Tarde,0.97,0.94
556,2025-11-26,FR1165,sevilla,19:10:00,189,NAC,Miércoles,Tarde,1.0,0.96
557,2025-11-26,FR9334,marrakech,19:10:00,189,INT,Miércoles,Tarde,0.89,0.91
558,2025-11-26,FR1342,palma de mallorca,19:15:00,189,NAC,Miércoles,Tarde,0.79,0.91
559,2025-11-26,FR133,berlin,19:35:00,197,EU,Miércoles,Tarde,1.0,0.98
560,2025-11-26,FR3143,milan,19:55:00,189,EU,Miércoles,Tarde,0.93,0.95
561,2025-11-26,FR58,napoli,20:10:00,189,EU,Miércoles,Noche,0.99,0.98
562,2025-11-26,FR5246,vilnius,20:10:00,197,EU,Miércoles,Noche,0.98,0.98
563,2025-11-26,FR6394,dublin,22:05:00,189,INT,Miércoles,Noche,0.99,0.93
564,2025-11-27,FR8215,london,06:00:00,189,INT,Jueves,Mañana,0.93,0.92
565,2025-11-27,FR2918,brussels,06:05:00,189,EU,Jueves,Mañana,1.0,0.95
566,2025-11-27,FR3976,dublin,06:15:00,197,INT,Jueves,Mañana,0.9,0.95
567,2025-11-27,FR3049,krakow,06:40:00,197,EU,Jueves,Mañana,0.97,0.98
568,2025-11-27,FR3028,ibiza,06:45:00,189,NAC,Jueves,Mañana,0.12,0.55
569,2025-11-27,FR2495,palma de mallorca,07:20:00,180,NAC,Jueves,Mañana,0.19,0.62
570,2025-11-27,FR133,berlin,07:25:00,189,EU,Jueves,Mañana,0.97,0.98
571,2025-11-27,FR2507,cologne-bonn,07:45:00,197,EU,Jueves,Mañana,1.0,0.98
572,2025-11-27,FR575,bologna,08:05:00,189,EU,Jueves,Mañana,0.99,0.97
573,2025-11-27,FR774,torino,08:05:00,189,EU,Jueves,Mañana,1.0,0.97
574,2025-11-27,FR3928,trieste,08:40:00,189,EU,Jueves,Mañana,0.76,0.89
575,2025-11-27,FR6973,rome,08:40:00,189,EU,Jueves,Mañana,0.97,0.95
576,2025-11-27,FR5710,napoli,09:05:00,189,EU,Jueves,Mañana,1.0,0.98
577,2025-11-27,FR12,vienna,09:10:00,180,EU,Jueves,Mañana,1.0,0.98
578,2025-11-27,FR3320,milan,09:30:00,189,EU,Jueves,Mañana,0.71,0.95
579,2025-11-27,FR1279,copenhagen,10:00:00,197,EU,Jueves,Mañana,0.97,0.97
580,2025-11-27,FR1165,sevilla,10:20:00,189,NAC,Jueves,Mañana,0.97,0.96
581,2025-11-27,FR3121,paris,10:25:00,189,EU,Jueves,Mañana,0.97,0.98
582,2025-11-27,FR8384,budapest,10:25:00,189,EU,Jueves,Mañana,0.99,0.98
583,2025-11-27,FR3792,birmingham,11:00:00,189,INT,Jueves,Mañana,0.93,0.96
584,2025-11-27,FR4545,porto,11:00:00,197,EU,Jueves,Mañana,0.82,0.91
585,2025-11-27,FR3076,stockholm,11:10:00,189,EU,Jueves,Mañana,1.0,0.98
586,2025-11-27,FR483,malaga,11:10:00,189,NAC,Jueves,Mañana,0.95,0.92
587,2025-11-27,FR6597,manchester,11:20:00,189,INT,Jueves,Mañana,0.96,0.96
588,2025-11-27,FR2239,marrakech,12:30:00,189,INT,Jueves,Tarde,0.93,0.91
589,2025-11-27,FR3160,bristol,12:45:00,189,INT,Jueves,Tarde,0.8,0.94
590,2025-11-27,FR1681,frankfurt-hahn,13:00:00,189,EU,Jueves,Tarde,0.99,0.98
591,2025-11-27,FR3039,prague,13:30:00,197,EU,Jueves,Tarde,0.99,0.98
592,2025-11-27,FR269,milan,13:40:00,189,EU,Jueves,Tarde,0.98,0.95
593,2025-11-27,FR6267,edinburgh,13:45:00,197,INT,Jueves,Tarde,0.94,0.98
594,2025-11-27,FR846,milan,13:45:00,197,EU,Jueves,Tarde,0.96,0.95
595,2025-11-27,FR2233,al aaroui,14:00:00,189,INT,Jueves,Tarde,0.93,0.92
596,2025-11-27,FR3189,fes,15:00:00,189,INT,Jueves,Tarde,0.93,0.87
597,2025-11-27,FR149,berlin,15:40:00,189,EU,Jueves,Tarde,1.0,0.98
598,2025-11-27,FR2922,brussels,16:05:00,189,EU,Jueves,Tarde,1.0,0.95
599,2025-11-27,FR9045,london,16:30:00,197,INT,Jueves,Tarde,0.92,0.94
600,2025-11-27,FR9913,tallinn,16:30:00,197,EU,Jueves,Tarde,0.99,0.98
601,2025-11-27,FR4585,porto,16:35:00,197,EU,Jueves,Tarde,0.84,0.91
602,2025-11-27,FR2098,bologna,17:15:00,189,EU,Jueves,Tarde,0.97,0.97
603,2025-11-27,FR8394,budapest,17:30:00,189,EU,Jueves,Tarde,0.96,0.98
604,2025-11-27,FR6300,sofia,17:45:00,189,EU,Jueves,Tarde,0.97,0.97
605,2025-11-27,FR5718,bratislava,18:00:00,189,EU,Jueves,Tarde,0.93,0.94
606,2025-11-27,FR6341,rome,18:00:00,189,EU,Jueves,Tarde,0.97,0.95
607,2025-11-27,FR3078,lisbon,18:30:00,189,EU,Jueves,Tarde,0.99,0.98
608,2025-11-27,FR6394,dublin,18:30:00,197,INT,Jueves,Tarde,0.96,0.95
609,2025-11-27,FR3800,birmingham,18:45:00,189,INT,Jueves,Tarde,0.93,0.96
610,2025-11-27,FR3193,riga,19:05:00,189,EU,Jueves,Tarde,0.72,0.94
611,2025-11-27,FR1342,palma de mallorca,19:25:00,189,NAC,Jueves,Tarde,0.96,0.91
612,2025-11-27,FR8217,london,19:25:00,189,INT,Jueves,Tarde,0.94,0.94
613,2025-11-27,FR8598,reggio calabria,19:45:00,189,EU,Jueves,Tarde,0.51,0.82
614,2025-11-27,FR8631,tanger,19:55:00,189,INT,Jueves,Tarde,0.9,0.94
615,2025-11-27,FR3143,milan,20:25:00,197,EU,Jueves,Noche,0.52,0.95
616,2025-11-27,FR4587,porto,20:45:00,197,EU,Jueves,Noche,0.89,0.9
617,2025-11-27,FR333,gdansk,21:00:00,189,EU,Jueves,Noche,0.96,0.98
618,2025-11-27,FR1527,valletta,21:20:00,189,EU,Jueves,Noche,0.97,0.94
619,2025-11-27,FR3035,krakow,21:30:00,197,EU,Jueves,Noche,0.97,0.98
620,2025-11-27,FR4084,warsaw,21:30:00,189,EU,Jueves,Noche,0.95,0.98
621,2025-11-28,FR8183,bologna,06:10:00,189,EU,Viernes,Mañana,0.87,0.96
622,2025-11-28,FR8231,london,06:10:00,189,INT,Viernes,Mañana,0.95,0.92
623,2025-11-28,FR777,venice,06:20:00,197,EU,Viernes,Mañana,0.85,0.96
624,2025-11-28,FR846,milan,06:25:00,189,EU,Viernes,Mañana,0.8,0.95
625,2025-11-28,FR133,berlin,06:35:00,189,EU,Viernes,Mañana,0.97,0.98
626,2025-11-28,FR4545,porto,06:45:00,189,EU,Viernes,Mañana,0.83,0.81
627,2025-11-28,FR2889,palma de mallorca,07:40:00,180,NAC,Viernes,Mañana,0.41,0.64
628,2025-11-28,FR3976,dublin,08:00:00,197,INT,Viernes,Mañana,0.88,0.95
629,2025-11-28,FR3185,rabat,08:10:00,189,INT,Viernes,Mañana,0.88,0.82
630,2025-11-28,FR6973,rome,08:15:00,197,EU,Viernes,Mañana,0.93,0.95
631,2025-11-28,FR5752,valletta,08:40:00,197,EU,Viernes,Mañana,0.95,0.94
632,2025-11-28,FR1165,sevilla,09:00:00,189,NAC,Viernes,Mañana,0.99,0.96
633,2025-11-28,FR2834,charleroi,09:15:00,189,EU,Viernes,Mañana,1.0,0.95
634,2025-11-28,FR12,vienna,09:25:00,180,EU,Viernes,Mañana,0.98,0.98
635,2025-11-28,FR3028,ibiza,09:40:00,197,NAC,Viernes,Mañana,0.55,0.62
636,2025-11-28,FR3320,milan,09:45:00,189,EU,Viernes,Mañana,1.0,0.95
637,2025-11-28,FR9015,london,10:00:00,189,INT,Viernes,Mañana,0.99,0.94
638,2025-11-28,FR6920,dublin,10:05:00,189,INT,Viernes,Mañana,1.0,0.95
639,2025-11-28,FR2239,marrakech,10:20:00,189,INT,Viernes,Mañana,0.96,0.92
640,2025-11-28,FR6267,edinburgh,10:30:00,189,INT,Viernes,Mañana,0.97,0.98
641,2025-11-28,FR5270,manchester,10:55:00,197,INT,Viernes,Mañana,0.86,0.96
642,2025-11-28,FR8384,budapest,11:00:00,189,EU,Viernes,Mañana,0.99,0.98
643,2025-11-28,FR3166,palermo,11:10:00,189,EU,Viernes,Mañana,0.99,0.97
644,2025-11-28,FR3121,paris,11:35:00,197,EU,Viernes,Mañana,0.96,0.98
645,2025-11-28,FR2896,palma de mallorca,11:35:00,180,NAC,Viernes,Mañana,0.93,0.92
646,2025-11-28,FR3049,krakow,11:45:00,189,EU,Viernes,Mañana,0.99,0.98
647,2025-11-28,FR774,torino,11:55:00,189,EU,Viernes,Mañana,0.94,0.97
648,2025-11-28,FR4585,porto,12:15:00,197,EU,Viernes,Tarde,0.95,0.92
649,2025-11-28,FR575,bologna,12:45:00,197,EU,Viernes,Tarde,0.97,0.97
650,2025-11-28,FR58,napoli,12:45:00,189,EU,Viernes,Tarde,0.96,0.98
651,2025-11-28,FR6874,dublin,12:55:00,189,INT,Viernes,Tarde,0.92,0.95
652,2025-11-28,FR6078,ouarzazate,13:50:00,189,INT,Viernes,Tarde,0.87,0.84
653,2025-11-28,FR3180,rome,13:55:00,189,EU,Viernes,Tarde,0.98,0.95
654,2025-11-28,FR7351,vienna,14:20:00,180,EU,Viernes,Tarde,1.0,0.98
655,2025-11-28,FR8215,london,14:35:00,189,INT,Viernes,Tarde,0.92,0.94
656,2025-11-28,FR2507,cologne-bonn,14:55:00,189,EU,Viernes,Tarde,1.0,0.98
657,2025-11-28,FR867,venice,14:55:00,189,EU,Viernes,Tarde,0.95,0.97
658,2025-11-28,FR1342,palma de mallorca,15:00:00,189,NAC,Viernes,Tarde,0.98,0.93
659,2025-11-28,FR5718,bratislava,15:10:00,189,EU,Viernes,Tarde,0.9,0.94
660,2025-11-28,FR483,malaga,15:25:00,197,NAC,Viernes,Tarde,0.95,0.93
661,2025-11-28,FR9045,london,16:05:00,189,INT,Viernes,Tarde,0.94,0.94
662,2025-11-28,FR2925,brussels,16:15:00,189,EU,Viernes,Tarde,0.95,0.95
663,2025-11-28,FR6985,rome,16:15:00,189,EU,Viernes,Tarde,0.99,0.95
664,2025-11-28,FR3129,ibiza,16:45:00,189,NAC,Viernes,Tarde,0.81,0.81
665,2025-11-28,FR878,venice,16:55:00,189,EU,Viernes,Tarde,0.98,0.97
666,2025-11-28,FR4587,porto,17:05:00,197,EU,Viernes,Tarde,0.92,0.93
667,2025-11-28,FR3076,stockholm,17:30:00,197,EU,Viernes,Tarde,1.0,0.98
668,2025-11-28,FR6341,rome,18:00:00,189,EU,Viernes,Tarde,0.97,0.95
669,2025-11-28,FR6353,milan,18:00:00,197,EU,Viernes,Tarde,0.98,0.95
670,2025-11-28,FR2098,bologna,18:35:00,189,EU,Viernes,Tarde,1.0,0.97
671,2025-11-28,FR3189,fes,18:50:00,189,INT,Viernes,Tarde,0.98,0.9
672,2025-11-28,FR149,berlin,19:15:00,197,EU,Viernes,Tarde,0.97,0.98
673,2025-11-28,FR3078,lisbon,19:20:00,189,EU,Viernes,Tarde,0.93,0.98
674,2025-11-28,FR6330,sofia,19:20:00,189,EU,Viernes,Tarde,0.93,0.97
675,2025-11-28,FR2330,al aaroui,19:35:00,189,INT,Viernes,Tarde,0.96,0.93
676,2025-11-28,FR7362,vienna,19:40:00,180,EU,Viernes,Tarde,1.0,0.98
677,2025-11-28,FR6374,paris,19:45:00,189,EU,Viernes,Tarde,1.0,0.98
678,2025-11-28,FR1527,valletta,20:05:00,189,EU,Viernes,Noche,0.97,0.95
679,2025-11-28,FR2402,sevilla,20:10:00,197,NAC,Viernes,Noche,0.99,0.96
680,2025-11-28,FR6275,edinburgh,20:10:00,189,INT,Viernes,Noche,1.0,0.98
681,2025-11-28,FR6305,milan,20:10:00,189,EU,Viernes,Noche,0.98,0.95
682,2025-11-28,FR3792,birmingham,20:25:00,189,INT,Viernes,Noche,0.89,0.96
683,2025-11-28,FR7539,milan,20:35:00,189,EU,Viernes,Noche,1.0,0.95
684,2025-11-28,FR8631,tanger,20:35:00,189,INT,Viernes,Noche,0.94,0.94
685,2025-11-28,FR1786,vilnius,20:35:00,197,EU,Viernes,Noche,0.99,0.98
686,2025-11-28,FR5710,napoli,20:50:00,197,EU,Viernes,Noche,0.99,0.98
687,2025-11-28,FR8394,budapest,21:00:00,189,EU,Viernes,Noche,0.9,0.98
688,2025-11-28,FR3174,ibiza,21:10:00,189,NAC,Viernes,Noche,0.85,0.8
689,2025-11-28,FR6944,warsaw,21:30:00,189,EU,Viernes,Noche,0.93,0.98
690,2025-11-28,FR7808,london,21:35:00,189,INT,Viernes,Noche,0.52,0.91
691,2025-11-28,FR8669,dublin,21:40:00,189,INT,Viernes,Noche,0.98,0.93
692,2025-11-28,FR9811,london,21:40:00,189,INT,Viernes,Noche,0.79,0.9
693,2025-11-28,FR2495,palma de mallorca,21:45:00,189,NAC,Viernes,Noche,0.97,0.92
694,2025-11-28,FR6597,manchester,21:45:00,189,INT,Viernes,Noche,0.95,0.94
695,2025-11-28,FR2250,marrakech,21:55:00,189,INT,Viernes,Noche,0.87,0.89
696,2025-11-28,FR3080,malaga,22:30:00,197,NAC,Viernes,Noche,0.94,0.89
697,2025-11-28,FR9814,london,23:10:00,189,INT,Viernes,Noche,0.24,0.9
698,2025-11-29,FR846,milan,06:00:00,189,EU,Sábado,Mañana,,0.95
699,2025-11-29,FR5718,bratislava,06:10:00,189,EU,Sábado,Mañana,,0.92
700,2025-11-29,FR4545,porto,06:15:00,197,EU,Sábado,Mañana,,0.8
701,2025-11-29,FR1342,palma de mallorca,06:20:00,189,NAC,Sábado,Mañana,,0.63
702,2025-11-29,FR777,venice,06:30:00,189,EU,Sábado,Mañana,,0.96
703,2025-11-29,FR2918,brussels,08:05:00,189,EU,Sábado,Mañana,,0.95
704,2025-11-29,FR3180,rome,08:15:00,189,EU,Sábado,Mañana,,0.95
705,2025-11-29,FR1165,sevilla,08:50:00,197,NAC,Sábado,Mañana,,0.96
706,2025-11-29,FR575,bologna,08:50:00,189,EU,Sábado,Mañana,,0.97
707,2025-11-29,FR3166,palermo,09:00:00,189,EU,Sábado,Mañana,,0.97
708,2025-11-29,FR2834,charleroi,09:15:00,189,EU,Sábado,Mañana,,0.95
709,2025-11-29,FR133,berlin,09:20:00,189,EU,Sábado,Mañana,,0.98
710,2025-11-29,FR2239,marrakech,09:20:00,189,INT,Sábado,Mañana,,0.86
711,2025-11-29,FR3028,ibiza,09:20:00,189,NAC,Sábado,Mañana,,0.57
712,2025-11-29,FR3049,krakow,09:30:00,189,EU,Sábado,Mañana,,0.98
713,2025-11-29,FR6559,liverpool,10:00:00,189,INT,Sábado,Mañana,,0.95
714,2025-11-29,FR9171,stockholm,10:20:00,197,EU,Sábado,Mañana,,0.98
715,2025-11-29,FR3168,newcastle,10:25:00,189,INT,Sábado,Mañana,,0.92
716,2025-11-29,FR9307,cork,10:30:00,197,INT,Sábado,Mañana,,0.92
717,2025-11-29,FR12,vienna,10:30:00,180,EU,Sábado,Mañana,,0.98
718,2025-11-29,FR6394,dublin,11:00:00,197,INT,Sábado,Mañana,,0.95
719,2025-11-29,FR4597,porto,11:20:00,197,EU,Sábado,Mañana,,0.92
720,2025-11-29,FR2507,cologne-bonn,11:55:00,189,EU,Sábado,Mañana,,0.98
721,2025-11-29,FR3108,luxembourg,12:05:00,189,EU,Sábado,Tarde,,0.94
722,2025-11-29,FR8231,london,12:25:00,189,INT,Sábado,Tarde,,0.94
723,2025-11-29,FR483,malaga,13:05:00,189,NAC,Sábado,Tarde,,0.93
724,2025-11-29,FR7808,london,13:20:00,197,INT,Sábado,Tarde,,0.94
725,2025-11-29,FR6597,manchester,13:25:00,189,INT,Sábado,Tarde,,0.96
726,2025-11-29,FR2098,bologna,13:30:00,189,EU,Sábado,Tarde,,0.97
727,2025-11-29,FR1681,frankfurt-hahn,14:00:00,189,EU,Sábado,Tarde,,0.98
728,2025-11-29,FR6920,dublin,14:05:00,189,INT,Sábado,Tarde,,0.95
729,2025-11-29,FR58,napoli,14:15:00,189,EU,Sábado,Tarde,,0.98
730,2025-11-29,FR3070,palma de mallorca,14:40:00,189,NAC,Sábado,Tarde,,0.93
731,2025-11-29,FR774,torino,14:45:00,189,EU,Sábado,Tarde,,0.97
732,2025-11-29,FR3121,paris,14:50:00,189,EU,Sábado,Tarde,,0.98
733,2025-11-29,FR6300,sofia,14:55:00,189,EU,Sábado,Tarde,,0.97
734,2025-11-29,FR3189,fes,15:30:00,189,INT,Sábado,Tarde,,0.9
735,2025-11-29,FR3807,charleroi,16:05:00,197,EU,Sábado,Tarde,,0.95
736,2025-11-29,FR8384,budapest,16:10:00,189,EU,Sábado,Tarde,,0.98
737,2025-11-29,FR7543,manchester,16:20:00,189,INT,Sábado,Tarde,,0.96
738,2025-11-29,FR3146,oujda,16:45:00,189,INT,Sábado,Tarde,,0.83
739,2025-11-29,FR269,milan,16:50:00,189,EU,Sábado,Tarde,,0.95
740,2025-11-29,FR9015,london,17:00:00,197,INT,Sábado,Tarde,,0.94
741,2025-11-29,FR5752,valletta,17:10:00,197,EU,Sábado,Tarde,,0.95
742,2025-11-29,FR6874,dublin,17:40:00,189,INT,Sábado,Tarde,,0.95
743,2025-11-29,FR2233,al aaroui,17:50:00,189,INT,Sábado,Tarde,,0.93
744,2025-11-29,FR2925,brussels,17:50:00,197,EU,Sábado,Tarde,,0.95
745,2025-11-29,FR6353,milan,17:55:00,189,EU,Sábado,Tarde,,0.95
746,2025-11-29,FR878,venice,18:15:00,197,EU,Sábado,Tarde,,0.97
747,2025-11-29,FR3035,krakow,18:20:00,197,EU,Sábado,Tarde,,0.98
748,2025-11-29,FR3792,birmingham,18:55:00,197,INT,Sábado,Tarde,,0.96
749,2025-11-29,FR9045,london,19:05:00,189,INT,Sábado,Tarde,,0.94
750,2025-11-29,FR5270,manchester,19:20:00,189,INT,Sábado,Tarde,,0.96
751,2025-11-29,FR149,berlin,19:35:00,189,EU,Sábado,Tarde,,0.98
752,2025-11-29,FR3078,lisbon,19:55:00,189,EU,Sábado,Tarde,,0.98
753,2025-11-29,FR7351,vienna,20:05:00,180,EU,Sábado,Noche,,0.98
754,2025-11-29,FR867,venice,20:20:00,189,EU,Sábado,Noche,,0.97
755,2025-11-29,FR9581,sevilla,20:25:00,189,NAC,Sábado,Noche,,0.96
756,2025-11-29,FR3182,malaga,20:45:00,189,NAC,Sábado,Noche,,0.92
757,2025-11-29,FR3928,trieste,20:45:00,189,EU,Sábado,Noche,,0.92
758,2025-11-29,FR4585,porto,20:50:00,189,EU,Sábado,Noche,,0.91
759,2025-11-29,FR6267,edinburgh,20:55:00,189,INT,Sábado,Noche,,0.98
760,2025-11-29,FR3174,ibiza,21:20:00,189,NAC,Sábado,Noche,,0.8
761,2025-11-29,FR5220,bologna,21:30:00,189,EU,Sábado,Noche,,0.97
762,2025-11-29,FR3039,prague,21:35:00,197,EU,Sábado,Noche,,0.97
763,2025-11-29,FR3800,birmingham,21:55:00,189,INT,Sábado,Noche,,0.94
764,2025-11-29,FR8574,rome,22:10:00,189,EU,Sábado,Noche,,0.93
765,2025-11-30,FR3180,rome,06:00:00,189,EU,Domingo,Mañana,,0.95
766,2025-11-30,FR2834,charleroi,06:10:00,197,EU,Domingo,Mañana,,0.95
767,2025-11-30,FR2918,brussels,06:25:00,189,EU,Domingo,Mañana,,0.95
768,2025-11-30,FR4084,warsaw,06:25:00,189,EU,Domingo,Mañana,,0.98
769,2025-11-30,FR2239,marrakech,06:30:00,189,INT,Domingo,Mañana,,0.8
770,2025-11-30,FR2507,cologne-bonn,06:40:00,189,EU,Domingo,Mañana,,0.98
771,2025-11-30,FR6597,manchester,07:30:00,189,INT,Domingo,Mañana,,0.95
772,2025-11-30,FR3108,luxembourg,07:35:00,189,EU,Domingo,Mañana,,0.89
773,2025-11-30,FR1165,sevilla,07:50:00,189,NAC,Domingo,Mañana,,0.96
774,2025-11-30,FR878,venice,08:30:00,189,EU,Domingo,Mañana,,0.97
775,2025-11-30,FR1786,vilnius,09:00:00,197,EU,Domingo,Mañana,,0.98
776,2025-11-30,FR3028,ibiza,09:05:00,197,NAC,Domingo,Mañana,,0.57
777,2025-11-30,FR3193,riga,09:10:00,189,EU,Domingo,Mañana,,0.94
778,2025-11-30,FR4545,porto,09:35:00,189,EU,Domingo,Mañana,,0.87
779,2025-11-30,FR333,gdansk,09:45:00,189,EU,Domingo,Mañana,,0.98
780,2025-11-30,FR8384,budapest,09:45:00,197,EU,Domingo,Mañana,,0.98
781,2025-11-30,FR2495,palma de mallorca,09:50:00,189,NAC,Domingo,Mañana,,0.89
782,2025-11-30,FR6341,rome,09:55:00,189,EU,Domingo,Mañana,,0.95
783,2025-11-30,FR3049,krakow,09:55:00,197,EU,Domingo,Mañana,,0.98
784,2025-11-30,FR8231,london,10:00:00,189,INT,Domingo,Mañana,,0.94
785,2025-11-30,FR6874,dublin,10:05:00,197,INT,Domingo,Mañana,,0.95
786,2025-11-30,FR7351,vienna,10:10:00,180,EU,Domingo,Mañana,,0.98
787,2025-11-30,FR575,bologna,10:20:00,189,EU,Domingo,Mañana,,0.97
788,2025-11-30,FR6267,edinburgh,10:30:00,189,INT,Domingo,Mañana,,0.98
789,2025-11-30,FR7543,manchester,10:40:00,197,INT,Domingo,Mañana,,0.96
790,2025-11-30,FR1279,copenhagen,10:45:00,189,EU,Domingo,Mañana,,0.97
791,2025-11-30,FR3143,milan,10:45:00,197,EU,Domingo,Mañana,,0.95
792,2025-11-30,FR3166,palermo,11:00:00,189,EU,Domingo,Mañana,,0.97
793,2025-11-30,FR2889,palma de mallorca,11:55:00,180,NAC,Domingo,Mañana,,0.92
794,2025-11-30,FR3129,ibiza,12:05:00,189,NAC,Domingo,Tarde,,0.79
795,2025-11-30,FR3976,dublin,12:25:00,197,INT,Domingo,Tarde,,0.95
796,2025-11-30,FR1527,valletta,12:30:00,189,EU,Domingo,Tarde,,0.95
797,2025-11-30,FR2402,sevilla,12:30:00,189,NAC,Domingo,Tarde,,0.96
798,2025-11-30,FR6300,sofia,12:45:00,189,EU,Domingo,Tarde,,0.97
799,2025-11-30,FR2511,cologne-bonn,12:55:00,189,EU,Domingo,Tarde,,0.98
800,2025-11-30,FR8598,reggio calabria,13:05:00,189,EU,Domingo,Tarde,,0.84
801,2025-11-30,FR3121,paris,13:20:00,189,EU,Domingo,Tarde,,0.98
802,2025-11-30,FR9811,london,13:40:00,189,INT,Domingo,Tarde,,0.94
803,2025-11-30,FR483,malaga,13:50:00,189,NAC,Domingo,Tarde,,0.93
804,2025-11-30,FR1342,palma de mallorca,14:05:00,189,NAC,Domingo,Tarde,,0.93
805,2025-11-30,FR6920,dublin,14:05:00,197,INT,Domingo,Tarde,,0.95
806,2025-11-30,FR4585,porto,14:10:00,189,EU,Domingo,Tarde,,0.92
807,2025-11-30,FR269,milan,14:55:00,189,EU,Domingo,Tarde,,0.95
808,2025-11-30,FR3320,milan,15:00:00,189,EU,Domingo,Tarde,,0.95
809,2025-11-30,FR774,torino,15:15:00,189,EU,Domingo,Tarde,,0.97
810,2025-11-30,FR3072,prague,15:15:00,189,EU,Domingo,Tarde,,0.98
811,2025-11-30,FR6973,rome,15:30:00,197,EU,Domingo,Tarde,,0.95
812,2025-11-30,FR133,berlin,16:15:00,189,EU,Domingo,Tarde,,0.98
813,2025-11-30,FR2922,brussels,16:15:00,189,EU,Domingo,Tarde,,0.95
814,2025-11-30,FR9814,london,16:40:00,189,INT,Domingo,Tarde,,0.94
815,2025-11-30,FR8669,dublin,16:55:00,189,INT,Domingo,Tarde,,0.95
816,2025-11-30,FR2250,marrakech,17:00:00,189,INT,Domingo,Tarde,,0.93
817,2025-11-30,FR8394,budapest,17:15:00,197,EU,Domingo,Tarde,,0.98
818,2025-11-30,FR5718,bratislava,17:20:00,189,EU,Domingo,Tarde,,0.94
819,2025-11-30,FR12,vienna,17:40:00,189,EU,Domingo,Tarde,,0.98
820,2025-11-30,FR5252,krakow,17:50:00,189,EU,Domingo,Tarde,,0.98
821,2025-11-30,FR1681,frankfurt-hahn,18:00:00,189,EU,Domingo,Tarde,,0.98
822,2025-11-30,FR777,venice,18:00:00,197,EU,Domingo,Tarde,,0.97
823,2025-11-30,FR6305,milan,18:05:00,189,EU,Domingo,Tarde,,0.95
824,2025-11-30,FR2406,sevilla,18:30:00,189,NAC,Domingo,Tarde,,0.96
825,2025-11-30,FR8631,tanger,18:45:00,189,INT,Domingo,Tarde,,0.94
826,2025-11-30,FR6394,dublin,19:10:00,197,INT,Domingo,Tarde,,0.95
827,2025-11-30,FR3160,bristol,19:25:00,189,INT,Domingo,Tarde,,0.94
828,2025-11-30,FR2233,al aaroui,19:40:00,189,INT,Domingo,Tarde,,0.93
829,2025-11-30,FR5710,napoli,19:45:00,189,EU,Domingo,Tarde,,0.98
830,2025-11-30,FR9015,london,19:45:00,189,INT,Domingo,Tarde,,0.94
831,2025-11-30,FR8136,ibiza,20:10:00,189,NAC,Domingo,Noche,,0.81
832,2025-11-30,FR6985,rome,20:30:00,197,EU,Domingo,Noche,,0.95
833,2025-11-30,FR4587,porto,20:40:00,189,EU,Domingo,Noche,,0.92
834,2025-11-30,FR6275,edinburgh,20:50:00,197,INT,Domingo,Noche,,0.98
835,2025-11-30,FR6944,warsaw,20:50:00,189,EU,Domingo,Noche,,0.98
836,2025-11-30,FR8615,budapest,21:00:00,189,EU,Domingo,Noche,,0.98
837,2025-11-30,FR2896,palma de mallorca,21:15:00,189,NAC,Domingo,Noche,,0.92
838,2025-11-30,FR3792,birmingham,21:20:00,189,INT,Domingo,Noche,,0.96
839,2025-11-30,FR5752,valletta,21:45:00,197,EU,Domingo,Noche,,0.92
840,2025-11-30,FR5220,bologna,22:50:00,197,EU,Domingo,Noche,,0.95
841,2025-11-30,FR9406,fes,23:15:00,189,INT,Domingo,Noche,,0.87
842,2025-12-01,FR3180,rome,06:00:00,189,EU,Lunes,Mañana,,0.95
843,2025-12-01,FR846,milan,06:10:00,189,EU,Lunes,Mañana,,0.95
844,2025-12-01,FR2233,al aaroui,06:20:00,189,INT,Lunes,Mañana,,0.82
845,2025-12-01,FR8384,budapest,06:25:00,197,EU,Lunes,Mañana,,0.98
846,2025-12-01,FR3078,lisbon,06:30:00,189,EU,Lunes,Mañana,,0.98
847,2025-12-01,FR3035,krakow,06:45:00,189,EU,Lunes,Mañana,,0.98
848,2025-12-01,FR8215,london,06:45:00,197,INT,Lunes,Mañana,,0.92
849,2025-12-01,FR3028,ibiza,07:35:00,189,NAC,Lunes,Mañana,,0.56
850,2025-12-01,FR1342,palma de mallorca,07:40:00,180,NAC,Lunes,Mañana,,0.64
851,2025-12-01,FR1165,sevilla,07:55:00,189,NAC,Lunes,Mañana,,0.96
852,2025-12-01,FR58,napoli,08:35:00,197,EU,Lunes,Mañana,,0.98
853,2025-12-01,FR575,bologna,08:40:00,189,EU,Lunes,Mañana,,0.97
854,2025-12-01,FR12,vienna,09:00:00,180,EU,Lunes,Mañana,,0.98
855,2025-12-01,FR6078,ouarzazate,09:05:00,189,INT,Lunes,Mañana,,0.6
856,2025-12-01,FR2834,charleroi,09:40:00,189,EU,Lunes,Mañana,,0.95
857,2025-12-01,FR2495,palma de mallorca,09:45:00,189,NAC,Lunes,Mañana,,0.83
858,2025-12-01,FR4545,porto,09:50:00,189,EU,Lunes,Mañana,,0.9
859,2025-12-01,FR9175,bristol,10:10:00,189,INT,Lunes,Mañana,,0.94
860,2025-12-01,FR6559,liverpool,10:15:00,189,INT,Lunes,Mañana,,0.95
861,2025-12-01,FR3143,milan,10:20:00,189,EU,Lunes,Mañana,,0.95
862,2025-12-01,FR7808,london,10:35:00,197,INT,Lunes,Mañana,,0.94
863,2025-12-01,FR2239,marrakech,10:45:00,189,INT,Lunes,Mañana,,0.91
864,2025-12-01,FR3121,paris,10:45:00,189,EU,Lunes,Mañana,,0.98
865,2025-12-01,FR3976,dublin,10:45:00,189,INT,Lunes,Mañana,,0.95
866,2025-12-01,FR3039,prague,10:55:00,189,EU,Lunes,Mañana,,0.98
867,2025-12-01,FR9045,london,11:00:00,189,INT,Lunes,Mañana,,0.94
868,2025-12-01,FR7539,milan,11:30:00,189,EU,Lunes,Mañana,,0.95
869,2025-12-01,FR1279,copenhagen,11:35:00,189,EU,Lunes,Mañana,,0.97
870,2025-12-01,FR777,venice,11:55:00,197,EU,Lunes,Mañana,,0.97
871,2025-12-01,FR8217,london,12:00:00,189,INT,Lunes,Tarde,,0.94
872,2025-12-01,FR6973,rome,12:35:00,197,EU,Lunes,Tarde,,0.95
873,2025-12-01,FR774,torino,12:40:00,189,EU,Lunes,Tarde,,0.97
874,2025-12-01,FR483,malaga,12:45:00,189,NAC,Lunes,Tarde,,0.93
875,2025-12-01,FR3108,luxembourg,13:00:00,197,EU,Lunes,Tarde,,0.93
876,2025-12-01,FR8631,tanger,13:20:00,189,INT,Lunes,Tarde,,0.94
877,2025-12-01,FR4585,porto,13:40:00,189,EU,Lunes,Tarde,,0.91
878,2025-12-01,FR3189,fes,13:50:00,189,INT,Lunes,Tarde,,0.87
879,2025-12-01,FR3792,birmingham,13:55:00,189,INT,Lunes,Tarde,,0.96
880,2025-12-01,FR2889,palma de mallorca,14:05:00,189,NAC,Lunes,Tarde,,0.9
881,2025-12-01,FR3146,oujda,15:10:00,189,INT,Lunes,Tarde,,0.8
882,2025-12-01,FR2330,al aaroui,15:15:00,189,INT,Lunes,Tarde,,0.92
883,2025-12-01,FR1681,frankfurt-hahn,15:35:00,189,EU,Lunes,Tarde,,0.98
884,2025-12-01,FR867,venice,16:05:00,189,EU,Lunes,Tarde,,0.97
885,2025-12-01,FR9811,london,16:05:00,189,INT,Lunes,Tarde,,0.94
886,2025-12-01,FR2507,cologne-bonn,16:45:00,197,EU,Lunes,Tarde,,0.98
887,2025-12-01,FR5718,bratislava,16:50:00,197,EU,Lunes,Tarde,,0.94
888,2025-12-01,FR6305,milan,16:50:00,189,EU,Lunes,Tarde,,0.95
889,2025-12-01,FR6874,dublin,16:55:00,189,INT,Lunes,Tarde,,0.95
890,2025-12-01,FR5270,manchester,17:05:00,189,INT,Lunes,Tarde,,0.96
891,2025-12-01,FR6300,sofia,17:05:00,189,EU,Lunes,Tarde,,0.97
892,2025-12-01,FR1786,vilnius,17:30:00,189,EU,Lunes,Tarde,,0.98
893,2025-12-01,FR2922,brussels,17:30:00,189,EU,Lunes,Tarde,,0.95
894,2025-12-01,FR269,milan,18:00:00,189,EU,Lunes,Tarde,,0.95
895,2025-12-01,FR3320,milan,18:30:00,189,EU,Lunes,Tarde,,0.95
896,2025-12-01,FR3174,ibiza,18:45:00,189,NAC,Lunes,Tarde,,0.79
897,2025-12-01,FR3185,rabat,19:05:00,189,INT,Lunes,Tarde,,0.91
898,2025-12-01,FR9307,cork,19:15:00,189,INT,Lunes,Tarde,,0.92
899,2025-12-01,FR8231,london,19:25:00,197,INT,Lunes,Tarde,,0.94
900,2025-12-01,FR2896,palma de mallorca,19:40:00,180,NAC,Lunes,Tarde,,0.9
901,2025-12-01,FR133,berlin,19:45:00,197,EU,Lunes,Tarde,,0.98
902,2025-12-01,FR7351,vienna,19:45:00,180,EU,Lunes,Tarde,,0.98
903,2025-12-01,FR3080,malaga,20:00:00,189,NAC,Lunes,Noche,,0.92
904,2025-12-01,FR3807,charleroi,20:05:00,189,EU,Lunes,Noche,,0.95
905,2025-12-01,FR6341,rome,20:10:00,189,EU,Lunes,Noche,,0.95
906,2025-12-01,FR6597,manchester,20:10:00,189,INT,Lunes,Noche,,0.96
907,2025-12-01,FR5710,napoli,20:40:00,189,EU,Lunes,Noche,,0.98
908,2025-12-01,FR8394,budapest,20:40:00,197,EU,Lunes,Noche,,0.98
909,2025-12-01,FR2098,bologna,20:50:00,189,EU,Lunes,Noche,,0.97
910,2025-12-01,FR3928,trieste,20:50:00,189,EU,Lunes,Noche,,0.92
911,2025-12-01,FR878,venice,20:55:00,189,EU,Lunes,Noche,,0.97
912,2025-12-01,FR6275,edinburgh,21:05:00,197,INT,Lunes,Noche,,0.98
913,2025-12-01,FR6920,dublin,21:10:00,189,INT,Lunes,Noche,,0.95
914,2025-12-01,FR2402,sevilla,21:30:00,189,NAC,Lunes,Noche,,0.96
915,2025-12-01,FR4084,warsaw,21:30:00,189,EU,Lunes,Noche,,0.98
916,2025-12-01,FR3168,newcastle,21:45:00,189,INT,Lunes,Noche,,0.88
917,2025-12-01,FR4587,porto,21:45:00,197,EU,Lunes,Noche,,0.88
918,2025-12-01,FR1527,valletta,21:50:00,189,EU,Lunes,Noche,,0.91
919,2025-12-01,FR2250,marrakech,21:50:00,189,INT,Lunes,Noche,,0.88
920,2025-12-01,FR8574,rome,22:20:00,189,EU,Lunes,Noche,,0.93
921,2025-12-01,FR3800,birmingham,23:00:00,197,INT,Lunes,Noche,,0.94
922,2025-12-02,FR2918,brussels,06:05:00,189,EU,Martes,Mañana,,0.95
923,2025-12-02,FR3189,fes,06:15:00,189,INT,Martes,Mañana,,0.6
924,2025-12-02,FR2507,cologne-bonn,06:20:00,189,EU,Martes,Mañana,,0.98
925,2025-12-02,FR4545,porto,06:35:00,197,EU,Martes,Mañana,,0.8
926,2025-12-02,FR3166,palermo,07:35:00,189,EU,Martes,Mañana,,0.96
927,2025-12-02,FR5718,bratislava,07:35:00,189,EU,Martes,Mañana,,0.92
928,2025-12-02,FR3193,riga,07:55:00,189,EU,Martes,Mañana,,0.93
929,2025-12-02,FR6973,rome,08:20:00,189,EU,Martes,Mañana,,0.95
930,2025-12-02,FR133,berlin,08:50:00,189,EU,Martes,Mañana,,0.98
931,2025-12-02,FR3035,krakow,09:10:00,189,EU,Martes,Mañana,,0.98
932,2025-12-02,FR3807,charleroi,09:10:00,197,EU,Martes,Mañana,,0.95
933,2025-12-02,FR12,vienna,10:15:00,180,EU,Martes,Mañana,,0.98
934,2025-12-02,FR1279,copenhagen,10:25:00,197,EU,Martes,Mañana,,0.97
935,2025-12-02,FR5270,manchester,10:30:00,197,INT,Martes,Mañana,,0.96
936,2025-12-02,FR58,napoli,11:40:00,189,EU,Martes,Mañana,,0.98
937,2025-12-02,FR3108,luxembourg,12:15:00,189,EU,Martes,Tarde,,0.93
938,2025-12-02,FR8384,budapest,12:35:00,197,EU,Martes,Tarde,,0.98
939,2025-12-02,FR6267,edinburgh,12:55:00,197,INT,Martes,Tarde,,0.98
940,2025-12-02,FR2239,marrakech,14:00:00,189,INT,Martes,Tarde,,0.91
941,2025-12-02,FR3076,stockholm,14:05:00,189,EU,Martes,Tarde,,0.98
942,2025-12-02,FR8217,london,15:25:00,189,INT,Martes,Tarde,,0.94
943,2025-12-02,FR846,milan,16:55:00,189,EU,Martes,Tarde,,0.95
944,2025-12-02,FR1165,sevilla,17:05:00,189,NAC,Martes,Tarde,,0.96
945,2025-12-02,FR575,bologna,17:25:00,197,EU,Martes,Tarde,,0.97
946,2025-12-02,FR6300,sofia,18:15:00,197,EU,Martes,Tarde,,0.97
947,2025-12-02,FR777,venice,18:40:00,189,EU,Martes,Tarde,,0.97
948,2025-12-02,FR9015,london,19:25:00,197,INT,Martes,Tarde,,0.94
949,2025-12-02,FR2495,palma de mallorca,19:30:00,197,NAC,Martes,Tarde,,0.91
950,2025-12-02,FR4084,warsaw,20:15:00,189,EU,Martes,Noche,,0.98
951,2025-12-02,FR6394,dublin,21:15:00,197,INT,Martes,Noche,,0.95
952,2025-12-02,FR4585,porto,22:00:00,197,EU,Martes,Noche,,0.88
953,2025-12-03,FR2918,brussels,06:05:00,189,EU,Miércoles,Mañana,0.86,0.95
954,2025-12-03,FR3185,rabat,06:05:00,189,INT,Miércoles,Mañana,0.93,0.76
955,2025-12-03,FR9406,fes,06:05:00,189,INT,Miércoles,Mañana,0.89,0.6
956,2025-12-03,FR483,malaga,06:15:00,189,NAC,Miércoles,Mañana,0.76,0.84
957,2025-12-03,FR2239,marrakech,06:35:00,189,INT,Miércoles,Mañana,0.98,0.8
958,2025-12-03,FR3028,ibiza,06:45:00,189,NAC,Miércoles,Mañana,0.2,0.55
959,2025-12-03,FR3108,luxembourg,06:50:00,197,EU,Miércoles,Mañana,0.96,0.89
960,2025-12-03,FR2495,palma de mallorca,07:20:00,180,NAC,Miércoles,Mañana,0.44,0.62
961,2025-12-03,FR846,milan,08:05:00,189,EU,Miércoles,Mañana,1.0,0.95
962,2025-12-03,FR8384,budapest,09:30:00,189,EU,Miércoles,Mañana,1.0,0.98
963,2025-12-03,FR2834,charleroi,09:45:00,189,EU,Miércoles,Mañana,1.0,0.95
964,2025-12-03,FR4545,porto,09:45:00,197,EU,Miércoles,Mañana,0.94,0.9
965,2025-12-03,FR3049,krakow,09:55:00,197,EU,Miércoles,Mañana,1.0,0.98
966,2025-12-03,FR3078,lisbon,10:15:00,189,EU,Miércoles,Mañana,0.96,0.98
967,2025-12-03,FR3039,prague,10:20:00,189,EU,Miércoles,Mañana,0.99,0.98
968,2025-12-03,FR6267,edinburgh,10:45:00,197,INT,Miércoles,Mañana,1.0,0.98
969,2025-12-03,FR2507,cologne-bonn,11:00:00,197,EU,Miércoles,Mañana,1.0,0.98
970,2025-12-03,FR575,bologna,11:40:00,189,EU,Miércoles,Mañana,0.98,0.97
971,2025-12-03,FR9925,frankfurt-hahn,12:35:00,189,EU,Miércoles,Tarde,1.0,0.98
972,2025-12-03,FR6597,manchester,13:00:00,197,INT,Miércoles,Tarde,1.0,0.96
973,2025-12-03,FR777,venice,15:10:00,189,EU,Miércoles,Tarde,0.98,0.97
974,2025-12-03,FR12,vienna,15:15:00,197,EU,Miércoles,Tarde,0.99,0.98
975,2025-12-03,FR3035,krakow,16:15:00,197,EU,Miércoles,Tarde,1.0,0.98
976,2025-12-03,FR3928,trieste,16:50:00,189,EU,Miércoles,Tarde,0.97,0.93
977,2025-12-03,FR5718,bratislava,16:50:00,189,EU,Miércoles,Tarde,1.0,0.94
978,2025-12-03,FR4585,porto,17:30:00,189,EU,Miércoles,Tarde,0.92,0.91
979,2025-12-03,FR3180,rome,18:00:00,189,EU,Miércoles,Tarde,0.96,0.95
980,2025-12-03,FR3129,ibiza,18:35:00,189,NAC,Miércoles,Tarde,0.63,0.79
981,2025-12-03,FR8394,budapest,18:50:00,189,EU,Miércoles,Tarde,1.0,0.98
982,2025-12-03,FR8231,london,19:00:00,189,INT,Miércoles,Tarde,1.0,0.94
983,2025-12-03,FR1165,sevilla,19:10:00,197,NAC,Miércoles,Tarde,0.97,0.96
984,2025-12-03,FR9334,marrakech,19:10:00,189,INT,Miércoles,Tarde,0.96,0.91
985,2025-12-03,FR1342,palma de mallorca,19:15:00,197,NAC,Miércoles,Tarde,0.92,0.91
986,2025-12-03,FR133,berlin,19:35:00,197,EU,Miércoles,Tarde,1.0,0.98
987,2025-12-03,FR3143,milan,19:55:00,189,EU,Miércoles,Tarde,0.99,0.95
988,2025-12-03,FR58,napoli,20:10:00,189,EU,Miércoles,Noche,0.99,0.98
989,2025-12-03,FR5246,vilnius,20:10:00,197,EU,Miércoles,Noche,1.0,0.98
990,2025-12-03,FR6394,dublin,22:05:00,189,INT,Miércoles,Noche,1.0,0.93
991,2025-12-04,FR8215,london,06:00:00,189,INT,Jueves,Mañana,1.0,0.92
992,2025-12-04,FR3976,dublin,06:15:00,197,INT,Jueves,Mañana,0.96,0.95
993,2025-12-04,FR3049,krakow,06:40:00,197,EU,Jueves,Mañana,1.0,0.98
994,2025-12-04,FR3028,ibiza,06:45:00,189,NAC,Jueves,Mañana,0.08,0.55
995,2025-12-04,FR2495,palma de mallorca,07:20:00,180,NAC,Jueves,Mañana,0.36,0.62
996,2025-12-04,FR133,berlin,07:25:00,189,EU,Jueves,Mañana,0.99,0.98
997,2025-12-04,FR2507,cologne-bonn,07:45:00,197,EU,Jueves,Mañana,0.99,0.98
998,2025-12-04,FR575,bologna,08:05:00,189,EU,Jueves,Mañana,1.0,0.97
999,2025-12-04,FR774,torino,08:05:00,189,EU,Jueves,Mañana,1.0,0.97
1000,2025-12-04,FR6973,rome,08:40:00,189,EU,Jueves,Mañana,0.95,0.95
1001,2025-12-04,FR5710,napoli,09:05:00,189,EU,Jueves,Mañana,0.99,0.98
1002,2025-12-04,FR12,vienna,09:10:00,180,EU,Jueves,Mañana,0.97,0.98
1003,2025-12-04,FR3320,milan,09:30:00,189,EU,Jueves,Mañana,0.99,0.95
1004,2025-12-04,FR1279,copenhagen,10:00:00,197,EU,Jueves,Mañana,1.0,0.97
1005,2025-12-04,FR1165,sevilla,10:20:00,189,NAC,Jueves,Mañana,0.87,0.96
1006,2025-12-04,FR3121,paris,10:25:00,189,EU,Jueves,Mañana,1.0,0.98
1007,2025-12-04,FR8384,budapest,10:25:00,189,EU,Jueves,Mañana,0.99,0.98
1008,2025-12-04,FR3792,birmingham,11:00:00,189,INT,Jueves,Mañana,1.0,0.96
1009,2025-12-04,FR4545,porto,11:00:00,197,EU,Jueves,Mañana,0.97,0.91
1010,2025-12-04,FR483,malaga,11:10:00,197,NAC,Jueves,Mañana,1.0,0.92
1011,2025-12-04,FR6597,manchester,11:20:00,189,INT,Jueves,Mañana,1.0,0.96
1012,2025-12-04,FR2239,marrakech,12:30:00,189,INT,Jueves,Tarde,0.99,0.91
1013,2025-12-04,FR3160,bristol,12:45:00,189,INT,Jueves,Tarde,0.99,0.94
1014,2025-12-04,FR1681,frankfurt-hahn,13:00:00,189,EU,Jueves,Tarde,1.0,0.98
1015,2025-12-04,FR3039,prague,13:30:00,197,EU,Jueves,Tarde,0.99,0.98
1016,2025-12-04,FR269,milan,13:40:00,189,EU,Jueves,Tarde,0.96,0.95
1017,2025-12-04,FR6267,edinburgh,13:45:00,197,INT,Jueves,Tarde,1.0,0.98
1018,2025-12-04,FR846,milan,13:45:00,197,EU,Jueves,Tarde,0.99,0.95
1019,2025-12-04,FR2233,al aaroui,14:00:00,189,INT,Jueves,Tarde,0.93,0.92
1020,2025-12-04,FR9015,london,14:30:00,189,INT,Jueves,Tarde,0.99,0.94
1021,2025-12-04,FR3189,fes,15:00:00,189,INT,Jueves,Tarde,0.98,0.87
1022,2025-12-04,FR2922,brussels,16:05:00,189,EU,Jueves,Tarde,0.96,0.95
1023,2025-12-04,FR9045,london,16:30:00,189,INT,Jueves,Tarde,0.97,0.94
1024,2025-12-04,FR9913,tallinn,16:30:00,197,EU,Jueves,Tarde,1.0,0.98
1025,2025-12-04,FR4585,porto,16:35:00,197,EU,Jueves,Tarde,0.95,0.91
1026,2025-12-04,FR8394,budapest,17:30:00,189,EU,Jueves,Tarde,1.0,0.98
1027,2025-12-04,FR6300,sofia,17:45:00,189,EU,Jueves,Tarde,0.99,0.97
1028,2025-12-04,FR5718,bratislava,18:00:00,189,EU,Jueves,Tarde,0.97,0.94
1029,2025-12-04,FR3078,lisbon,18:30:00,189,EU,Jueves,Tarde,1.0,0.98
1030,2025-12-04,FR6394,dublin,18:30:00,197,INT,Jueves,Tarde,0.99,0.95
1031,2025-12-04,FR3193,riga,19:05:00,189,EU,Jueves,Tarde,1.0,0.94
1032,2025-12-04,FR1342,palma de mallorca,19:25:00,189,NAC,Jueves,Tarde,1.0,0.91
1033,2025-12-04,FR8217,london,19:25:00,189,INT,Jueves,Tarde,0.99,0.94
1034,2025-12-04,FR8598,reggio calabria,19:45:00,189,EU,Jueves,Tarde,0.88,0.82
1035,2025-12-04,FR8631,tanger,19:55:00,189,INT,Jueves,Tarde,0.95,0.94
1036,2025-12-04,FR3143,milan,20:25:00,189,EU,Jueves,Noche,1.0,0.95
1037,2025-12-04,FR4587,porto,20:45:00,197,EU,Jueves,Noche,0.98,0.9
1038,2025-12-04,FR333,gdansk,21:00:00,189,EU,Jueves,Noche,1.0,0.98
1039,2025-12-04,FR1527,valletta,21:20:00,197,EU,Jueves,Noche,0.96,0.94
1040,2025-12-04,FR3035,krakow,21:30:00,197,EU,Jueves,Noche,0.98,0.98
1041,2025-12-04,FR4084,warsaw,21:30:00,189,EU,Jueves,Noche,1.0,0.98
1042,2025-12-05,FR8183,bologna,06:10:00,189,EU,Viernes,Mañana,0.96,0.96
1043,2025-12-05,FR8231,london,06:10:00,189,INT,Viernes,Mañana,1.0,0.92
1044,2025-12-05,FR777,venice,06:20:00,189,EU,Viernes,Mañana,0.97,0.96
1045,2025-12-05,FR846,milan,06:25:00,189,EU,Viernes,Mañana,1.0,0.95
1046,2025-12-05,FR133,berlin,06:35:00,189,EU,Viernes,Mañana,0.98,0.98
1047,2025-12-05,FR4545,porto,06:45:00,197,EU,Viernes,Mañana,0.97,0.81
1048,2025-12-05,FR2889,palma de mallorca,07:40:00,180,NAC,Viernes,Mañana,0.94,0.64
1049,2025-12-05,FR3976,dublin,08:00:00,189,INT,Viernes,Mañana,0.95,0.95
1050,2025-12-05,FR3185,rabat,08:10:00,189,INT,Viernes,Mañana,0.96,0.82
1051,2025-12-05,FR6973,rome,08:15:00,189,EU,Viernes,Mañana,0.99,0.95
1052,2025-12-05,FR5752,valletta,08:40:00,197,EU,Viernes,Mañana,0.95,0.94
1053,2025-12-05,FR1165,sevilla,09:00:00,189,NAC,Viernes,Mañana,0.98,0.96
1054,2025-12-05,FR2834,charleroi,09:15:00,197,EU,Viernes,Mañana,0.99,0.95
1055,2025-12-05,FR12,vienna,09:25:00,180,EU,Viernes,Mañana,0.98,0.98
1056,2025-12-05,FR3028,ibiza,09:40:00,189,NAC,Viernes,Mañana,0.69,0.62
1057,2025-12-05,FR3320,milan,09:45:00,189,EU,Viernes,Mañana,1.0,0.95
1058,2025-12-05,FR9015,london,10:00:00,197,INT,Viernes,Mañana,1.0,0.94
1059,2025-12-05,FR6920,dublin,10:05:00,197,INT,Viernes,Mañana,0.94,0.95
1060,2025-12-05,FR2239,marrakech,10:20:00,189,INT,Viernes,Mañana,1.0,0.92
1061,2025-12-05,FR6267,edinburgh,10:30:00,189,INT,Viernes,Mañana,1.0,0.98
1062,2025-12-05,FR5270,manchester,10:55:00,197,INT,Viernes,Mañana,0.99,0.96
1063,2025-12-05,FR8384,budapest,11:00:00,189,EU,Viernes,Mañana,0.98,0.98
1064,2025-12-05,FR3166,palermo,11:10:00,189,EU,Viernes,Mañana,0.98,0.97
1065,2025-12-05,FR269,milan,11:20:00,189,EU,Viernes,Mañana,0.99,0.95
1066,2025-12-05,FR3121,paris,11:35:00,197,EU,Viernes,Mañana,1.0,0.98
1067,2025-12-05,FR2896,palma de mallorca,11:35:00,180,NAC,Viernes,Mañana,0.97,0.92
1068,2025-12-05,FR3049,krakow,11:45:00,189,EU,Viernes,Mañana,0.99,0.98
1069,2025-12-05,FR774,torino,11:55:00,189,EU,Viernes,Mañana,0.94,0.97
1070,2025-12-05,FR4585,porto,12:15:00,197,EU,Viernes,Tarde,0.98,0.92
1071,2025-12-05,FR575,bologna,12:45:00,189,EU,Viernes,Tarde,1.0,0.97
1072,2025-12-05,FR58,napoli,12:45:00,189,EU,Viernes,Tarde,1.0,0.98
1073,2025-12-05,FR6874,dublin,12:55:00,197,INT,Viernes,Tarde,0.99,0.95
1074,2025-12-05,FR2922,brussels,13:35:00,189,EU,Viernes,Tarde,0.94,0.95
1075,2025-12-05,FR6078,ouarzazate,13:50:00,189,INT,Viernes,Tarde,0.97,0.84
1076,2025-12-05,FR3180,rome,13:55:00,189,EU,Viernes,Tarde,1.0,0.95
1077,2025-12-05,FR7351,vienna,14:20:00,180,EU,Viernes,Tarde,1.0,0.98
1078,2025-12-05,FR8215,london,14:35:00,189,INT,Viernes,Tarde,0.99,0.94
1079,2025-12-05,FR2233,al aaroui,14:40:00,189,INT,Viernes,Tarde,1.0,0.93
1080,2025-12-05,FR2507,cologne-bonn,14:55:00,189,EU,Viernes,Tarde,0.99,0.98
1081,2025-12-05,FR867,venice,14:55:00,189,EU,Viernes,Tarde,0.97,0.97
1082,2025-12-05,FR1342,palma de mallorca,15:00:00,189,NAC,Viernes,Tarde,0.99,0.93
1083,2025-12-05,FR5718,bratislava,15:10:00,189,EU,Viernes,Tarde,0.95,0.94
1084,2025-12-05,FR483,malaga,15:25:00,197,NAC,Viernes,Tarde,0.99,0.93
1085,2025-12-05,FR9045,london,16:05:00,189,INT,Viernes,Tarde,0.92,0.94
1086,2025-12-05,FR2925,brussels,16:15:00,189,EU,Viernes,Tarde,0.92,0.95
1087,2025-12-05,FR6985,rome,16:15:00,189,EU,Viernes,Tarde,1.0,0.95
1088,2025-12-05,FR3129,ibiza,16:45:00,189,NAC,Viernes,Tarde,1.0,0.81
1089,2025-12-05,FR878,venice,16:55:00,180,EU,Viernes,Tarde,1.0,0.97
1090,2025-12-05,FR4587,porto,17:05:00,197,EU,Viernes,Tarde,0.99,0.93
1091,2025-12-05,FR3076,stockholm,17:30:00,197,EU,Viernes,Tarde,1.0,0.98
1092,2025-12-05,FR6341,rome,18:00:00,189,EU,Viernes,Tarde,1.0,0.95
1093,2025-12-05,FR6353,milan,18:00:00,197,EU,Viernes,Tarde,1.0,0.95
1094,2025-12-05,FR2098,bologna,18:35:00,189,EU,Viernes,Tarde,0.94,0.97
1095,2025-12-05,FR3189,fes,18:50:00,189,INT,Viernes,Tarde,0.98,0.9
1096,2025-12-05,FR149,berlin,19:15:00,197,EU,Viernes,Tarde,0.95,0.98
1097,2025-12-05,FR3078,lisbon,19:20:00,189,EU,Viernes,Tarde,1.0,0.98
1098,2025-12-05,FR6330,sofia,19:20:00,189,EU,Viernes,Tarde,1.0,0.97
1099,2025-12-05,FR9111,torino,19:25:00,197,EU,Viernes,Tarde,0.98,0.97
1100,2025-12-05,FR2330,al aaroui,19:35:00,189,INT,Viernes,Tarde,0.96,0.93
1101,2025-12-05,FR7362,vienna,19:40:00,180,EU,Viernes,Tarde,0.97,0.98
1102,2025-12-05,FR6374,paris,19:45:00,189,EU,Viernes,Tarde,1.0,0.98
1103,2025-12-05,FR1527,valletta,20:05:00,189,EU,Viernes,Noche,0.97,0.95
1104,2025-12-05,FR2402,sevilla,20:10:00,189,NAC,Viernes,Noche,0.96,0.96
1105,2025-12-05,FR6275,edinburgh,20:10:00,197,INT,Viernes,Noche,1.0,0.98
1106,2025-12-05,FR6305,milan,20:10:00,197,EU,Viernes,Noche,0.97,0.95
1107,2025-12-05,FR7539,milan,20:35:00,189,EU,Viernes,Noche,0.98,0.95
1108,2025-12-05,FR8631,tanger,20:35:00,189,INT,Viernes,Noche,0.98,0.94
1109,2025-12-05,FR1786,vilnius,20:35:00,197,EU,Viernes,Noche,1.0,0.98
1110,2025-12-05,FR5710,napoli,20:50:00,197,EU,Viernes,Noche,0.99,0.98
1111,2025-12-05,FR8394,budapest,21:00:00,189,EU,Viernes,Noche,0.96,0.98
1112,2025-12-05,FR3174,ibiza,21:10:00,189,NAC,Viernes,Noche,0.98,0.8
1113,2025-12-05,FR6944,warsaw,21:30:00,189,EU,Viernes,Noche,0.99,0.98
1114,2025-12-05,FR7808,london,21:35:00,197,INT,Viernes,Noche,0.99,0.91
1115,2025-12-05,FR8669,dublin,21:40:00,189,INT,Viernes,Noche,0.96,0.93
1116,2025-12-05,FR9811,london,21:40:00,189,INT,Viernes,Noche,0.94,0.9
1117,2025-12-05,FR2495,palma de mallorca,21:45:00,189,NAC,Viernes,Noche,0.97,0.92
1118,2025-12-05,FR6597,manchester,21:45:00,189,INT,Viernes,Noche,1.0,0.94
1119,2025-12-05,FR2250,marrakech,21:55:00,189,INT,Viernes,Noche,0.98,0.89
1120,2025-12-05,FR3792,birmingham,21:55:00,189,INT,Viernes,Noche,0.99,0.94
1121,2025-12-05,FR3080,malaga,22:30:00,197,NAC,Viernes,Noche,0.96,0.89
1122,2025-12-05,FR9814,london,23:10:00,189,INT,Viernes,Noche,0.99,0.9
1123,2025-12-06,FR846,milan,06:00:00,189,EU,Sábado,Mañana,1.0,0.95
1124,2025-12-06,FR5718,bratislava,06:10:00,189,EU,Sábado,Mañana,0.97,0.92
1125,2025-12-06,FR4545,porto,06:15:00,197,EU,Sábado,Mañana,0.98,0.8
1126,2025-12-06,FR1342,palma de mallorca,06:20:00,189,NAC,Sábado,Mañana,0.94,0.63
1127,2025-12-06,FR777,venice,06:30:00,189,EU,Sábado,Mañana,0.93,0.96
1128,2025-12-06,FR8217,london,06:55:00,189,INT,Sábado,Mañana,1.0,0.92
1129,2025-12-06,FR2918,brussels,08:05:00,189,EU,Sábado,Mañana,0.96,0.95
1130,2025-12-06,FR3180,rome,08:15:00,189,EU,Sábado,Mañana,0.96,0.95
1131,2025-12-06,FR1165,sevilla,08:50:00,189,NAC,Sábado,Mañana,0.99,0.96
1132,2025-12-06,FR575,bologna,08:50:00,189,EU,Sábado,Mañana,0.96,0.97
1133,2025-12-06,FR3166,palermo,09:00:00,189,EU,Sábado,Mañana,0.95,0.97
1134,2025-12-06,FR2834,charleroi,09:15:00,189,EU,Sábado,Mañana,0.99,0.95
1135,2025-12-06,FR133,berlin,09:20:00,189,EU,Sábado,Mañana,0.99,0.98
1136,2025-12-06,FR2239,marrakech,09:20:00,189,INT,Sábado,Mañana,0.95,0.86
1137,2025-12-06,FR3028,ibiza,09:20:00,189,NAC,Sábado,Mañana,0.98,0.57
1138,2025-12-06,FR2889,palma de mallorca,09:25:00,189,NAC,Sábado,Mañana,0.96,0.71
1139,2025-12-06,FR3049,krakow,09:30:00,189,EU,Sábado,Mañana,0.99,0.98
1140,2025-12-06,FR3143,milan,10:00:00,189,EU,Sábado,Mañana,0.97,0.95
1141,2025-12-06,FR6559,liverpool,10:00:00,189,INT,Sábado,Mañana,0.89,0.95
1142,2025-12-06,FR9171,stockholm,10:20:00,197,EU,Sábado,Mañana,0.99,0.98
1143,2025-12-06,FR3168,newcastle,10:25:00,189,INT,Sábado,Mañana,0.94,0.92
1144,2025-12-06,FR9307,cork,10:30:00,197,INT,Sábado,Mañana,0.91,0.92
1145,2025-12-06,FR12,vienna,10:30:00,180,EU,Sábado,Mañana,0.99,0.98
1146,2025-12-06,FR6394,dublin,11:00:00,197,INT,Sábado,Mañana,0.92,0.95
1147,2025-12-06,FR4597,porto,11:20:00,197,EU,Sábado,Mañana,1.0,0.92
1148,2025-12-06,FR2507,cologne-bonn,11:55:00,180,EU,Sábado,Mañana,1.0,0.98
1149,2025-12-06,FR2896,palma de mallorca,12:00:00,189,NAC,Sábado,Tarde,0.96,0.92
1150,2025-12-06,FR3108,luxembourg,12:05:00,189,EU,Sábado,Tarde,0.97,0.94
1151,2025-12-06,FR8231,london,12:25:00,189,INT,Sábado,Tarde,1.0,0.94
1152,2025-12-06,FR3320,milan,12:30:00,197,EU,Sábado,Tarde,0.99,0.95
1153,2025-12-06,FR6341,rome,12:30:00,189,EU,Sábado,Tarde,0.95,0.95
1154,2025-12-06,FR483,malaga,13:05:00,189,NAC,Sábado,Tarde,0.95,0.93
1155,2025-12-06,FR7808,london,13:20:00,197,INT,Sábado,Tarde,0.99,0.94
1156,2025-12-06,FR6597,manchester,13:25:00,189,INT,Sábado,Tarde,0.95,0.96
1157,2025-12-06,FR2098,bologna,13:30:00,189,EU,Sábado,Tarde,0.95,0.97
1158,2025-12-06,FR1681,frankfurt-hahn,14:00:00,189,EU,Sábado,Tarde,0.99,0.98
1159,2025-12-06,FR8631,tanger,14:00:00,189,INT,Sábado,Tarde,0.96,0.94
1160,2025-12-06,FR58,napoli,14:15:00,189,EU,Sábado,Tarde,1.0,0.98
1161,2025-12-06,FR3070,palma de mallorca,14:40:00,189,NAC,Sábado,Tarde,0.96,0.93
1162,2025-12-06,FR774,torino,14:45:00,189,EU,Sábado,Tarde,0.99,0.97
1163,2025-12-06,FR3121,paris,14:50:00,189,EU,Sábado,Tarde,0.99,0.98
1164,2025-12-06,FR6300,sofia,14:55:00,189,EU,Sábado,Tarde,0.98,0.97
1165,2025-12-06,FR3189,fes,15:30:00,189,INT,Sábado,Tarde,1.0,0.9
1166,2025-12-06,FR3807,charleroi,16:05:00,197,EU,Sábado,Tarde,1.0,0.95
1167,2025-12-06,FR8384,budapest,16:10:00,189,EU,Sábado,Tarde,0.96,0.98
1168,2025-12-06,FR7543,manchester,16:20:00,189,INT,Sábado,Tarde,0.77,0.96
1169,2025-12-06,FR3146,oujda,16:45:00,189,INT,Sábado,Tarde,1.0,0.83
1170,2025-12-06,FR269,milan,16:50:00,189,EU,Sábado,Tarde,0.98,0.95
1171,2025-12-06,FR2406,sevilla,17:00:00,197,NAC,Sábado,Tarde,0.96,0.96
1172,2025-12-06,FR9015,london,17:00:00,197,INT,Sábado,Tarde,1.0,0.94
1173,2025-12-06,FR5752,valletta,17:10:00,197,EU,Sábado,Tarde,0.72,0.95
1174,2025-12-06,FR6874,dublin,17:40:00,189,INT,Sábado,Tarde,0.94,0.95
1175,2025-12-06,FR2233,al aaroui,17:50:00,189,INT,Sábado,Tarde,0.95,0.93
1176,2025-12-06,FR2925,brussels,17:50:00,197,EU,Sábado,Tarde,0.97,0.95
1177,2025-12-06,FR6353,milan,17:55:00,197,EU,Sábado,Tarde,0.93,0.95
1178,2025-12-06,FR878,venice,18:15:00,189,EU,Sábado,Tarde,0.99,0.97
1179,2025-12-06,FR3035,krakow,18:20:00,197,EU,Sábado,Tarde,0.99,0.98
1180,2025-12-06,FR3792,birmingham,18:55:00,197,INT,Sábado,Tarde,0.95,0.96
1181,2025-12-06,FR9045,london,19:05:00,189,INT,Sábado,Tarde,0.94,0.94
1182,2025-12-06,FR5270,manchester,19:20:00,189,INT,Sábado,Tarde,0.68,0.96
1183,2025-12-06,FR149,berlin,19:35:00,197,EU,Sábado,Tarde,0.97,0.98
1184,2025-12-06,FR3078,lisbon,19:55:00,189,EU,Sábado,Tarde,0.99,0.98
1185,2025-12-06,FR7351,vienna,20:05:00,180,EU,Sábado,Noche,1.0,0.98
1186,2025-12-06,FR867,venice,20:20:00,189,EU,Sábado,Noche,0.85,0.97
1187,2025-12-06,FR9581,sevilla,20:25:00,189,NAC,Sábado,Noche,0.95,0.96
1188,2025-12-06,FR3182,malaga,20:45:00,189,NAC,Sábado,Noche,0.95,0.92
1189,2025-12-06,FR3928,trieste,20:45:00,189,EU,Sábado,Noche,0.99,0.92
1190,2025-12-06,FR4585,porto,20:50:00,197,EU,Sábado,Noche,0.92,0.91
1191,2025-12-06,FR6267,edinburgh,20:55:00,189,INT,Sábado,Noche,0.92,0.98
1192,2025-12-06,FR5220,bologna,21:30:00,189,EU,Sábado,Noche,0.98,0.97
1193,2025-12-06,FR3039,prague,21:35:00,189,EU,Sábado,Noche,1.0,0.97
1194,2025-12-06,FR3800,birmingham,21:55:00,189,INT,Sábado,Noche,1.0,0.94
1195,2025-12-06,FR8574,rome,22:10:00,189,EU,Sábado,Noche,0.92,0.93
1196,2025-12-07,FR3180,rome,06:00:00,189,EU,Domingo,Mañana,0.91,0.95
1197,2025-12-07,FR846,milan,06:00:00,189,EU,Domingo,Mañana,0.89,0.95
1198,2025-12-07,FR2834,charleroi,06:10:00,197,EU,Domingo,Mañana,0.91,0.95
1199,2025-12-07,FR2918,brussels,06:25:00,189,EU,Domingo,Mañana,0.98,0.95
1200,2025-12-07,FR4084,warsaw,06:25:00,189,EU,Domingo,Mañana,0.92,0.98
1201,2025-12-07,FR2239,marrakech,06:30:00,189,INT,Domingo,Mañana,1.0,0.8
1202,2025-12-07,FR2507,cologne-bonn,06:40:00,189,EU,Domingo,Mañana,1.0,0.98
1203,2025-12-07,FR6597,manchester,07:30:00,189,INT,Domingo,Mañana,0.54,0.95
1204,2025-12-07,FR3108,luxembourg,07:35:00,189,EU,Domingo,Mañana,1.0,0.89
1205,2025-12-07,FR1165,sevilla,07:50:00,189,NAC,Domingo,Mañana,0.76,0.96
1206,2025-12-07,FR878,venice,08:30:00,189,EU,Domingo,Mañana,0.89,0.97
1207,2025-12-07,FR1786,vilnius,09:00:00,197,EU,Domingo,Mañana,1.0,0.98
1208,2025-12-07,FR3028,ibiza,09:05:00,197,NAC,Domingo,Mañana,0.19,0.57
1209,2025-12-07,FR3193,riga,09:10:00,189,EU,Domingo,Mañana,0.99,0.94
1210,2025-12-07,FR4545,porto,09:35:00,189,EU,Domingo,Mañana,0.95,0.87
1211,2025-12-07,FR333,gdansk,09:45:00,189,EU,Domingo,Mañana,0.97,0.98
1212,2025-12-07,FR8384,budapest,09:45:00,197,EU,Domingo,Mañana,1.0,0.98
1213,2025-12-07,FR2495,palma de mallorca,09:50:00,189,NAC,Domingo,Mañana,0.48,0.89
1214,2025-12-07,FR9593,tanger,09:50:00,189,INT,Domingo,Mañana,0.99,0.94
1215,2025-12-07,FR6341,rome,09:55:00,189,EU,Domingo,Mañana,0.91,0.95
1216,2025-12-07,FR3049,krakow,09:55:00,197,EU,Domingo,Mañana,1.0,0.98
1217,2025-12-07,FR8231,london,10:00:00,189,INT,Domingo,Mañana,0.95,0.94
1218,2025-12-07,FR6874,dublin,10:05:00,197,INT,Domingo,Mañana,0.93,0.95
1219,2025-12-07,FR7351,vienna,10:10:00,180,EU,Domingo,Mañana,0.98,0.98
1220,2025-12-07,FR575,bologna,10:20:00,189,EU,Domingo,Mañana,0.95,0.97
1221,2025-12-07,FR6267,edinburgh,10:30:00,189,INT,Domingo,Mañana,0.98,0.98
1222,2025-12-07,FR7543,manchester,10:40:00,197,INT,Domingo,Mañana,1.0,0.96
1223,2025-12-07,FR1279,copenhagen,10:45:00,189,EU,Domingo,Mañana,0.97,0.97
1224,2025-12-07,FR3143,milan,10:45:00,197,EU,Domingo,Mañana,1.0,0.95
1225,2025-12-07,FR3166,palermo,11:00:00,189,EU,Domingo,Mañana,0.99,0.97
1226,2025-12-07,FR2889,palma de mallorca,11:55:00,180,NAC,Domingo,Mañana,0.94,0.92
1227,2025-12-07,FR8217,london,12:00:00,197,INT,Domingo,Tarde,0.95,0.94
1228,2025-12-07,FR3129,ibiza,12:05:00,189,NAC,Domingo,Tarde,0.55,0.79
1229,2025-12-07,FR3976,dublin,12:25:00,197,INT,Domingo,Tarde,0.97,0.95
1230,2025-12-07,FR1527,valletta,12:30:00,189,EU,Domingo,Tarde,0.95,0.95
1231,2025-12-07,FR2402,sevilla,12:30:00,189,NAC,Domingo,Tarde,0.99,0.96
1232,2025-12-07,FR6300,sofia,12:45:00,189,EU,Domingo,Tarde,0.96,0.97
1233,2025-12-07,FR2511,cologne-bonn,12:55:00,189,EU,Domingo,Tarde,1.0,0.98
1234,2025-12-07,FR8598,reggio calabria,13:05:00,189,EU,Domingo,Tarde,0.96,0.84
1235,2025-12-07,FR3121,paris,13:20:00,189,EU,Domingo,Tarde,0.99,0.98
1236,2025-12-07,FR9811,london,13:40:00,189,INT,Domingo,Tarde,0.99,0.94
1237,2025-12-07,FR483,malaga,13:50:00,189,NAC,Domingo,Tarde,0.98,0.93
1238,2025-12-07,FR1342,palma de mallorca,14:05:00,189,NAC,Domingo,Tarde,1.0,0.93
1239,2025-12-07,FR6920,dublin,14:05:00,197,INT,Domingo,Tarde,0.96,0.95
1240,2025-12-07,FR4585,porto,14:10:00,197,EU,Domingo,Tarde,0.92,0.92
1241,2025-12-07,FR6973,rome,14:25:00,189,EU,Domingo,Tarde,0.77,0.95
1242,2025-12-07,FR3320,milan,15:00:00,189,EU,Domingo,Tarde,0.98,0.95
1243,2025-12-07,FR774,torino,15:15:00,189,EU,Domingo,Tarde,1.0,0.97
1244,2025-12-07,FR3072,prague,15:15:00,189,EU,Domingo,Tarde,1.0,0.98
1245,2025-12-07,FR269,milan,15:30:00,197,EU,Domingo,Tarde,0.72,0.95
1246,2025-12-07,FR133,berlin,16:15:00,189,EU,Domingo,Tarde,1.0,0.98
1247,2025-12-07,FR2922,brussels,16:15:00,189,EU,Domingo,Tarde,0.95,0.95
1248,2025-12-07,FR9814,london,16:40:00,189,INT,Domingo,Tarde,0.97,0.94
1249,2025-12-07,FR8669,dublin,16:55:00,189,INT,Domingo,Tarde,0.89,0.95
1250,2025-12-07,FR2250,marrakech,17:00:00,189,INT,Domingo,Tarde,1.0,0.93
1251,2025-12-07,FR8394,budapest,17:15:00,197,EU,Domingo,Tarde,0.95,0.98
1252,2025-12-07,FR5718,bratislava,17:20:00,189,EU,Domingo,Tarde,0.94,0.94
1253,2025-12-07,FR12,vienna,17:40:00,189,EU,Domingo,Tarde,1.0,0.98
1254,2025-12-07,FR5252,krakow,17:50:00,189,EU,Domingo,Tarde,0.99,0.98
1255,2025-12-07,FR1681,frankfurt-hahn,18:00:00,189,EU,Domingo,Tarde,0.96,0.98
1256,2025-12-07,FR777,venice,18:00:00,197,EU,Domingo,Tarde,0.81,0.97
1257,2025-12-07,FR6305,milan,18:05:00,189,EU,Domingo,Tarde,0.95,0.95
1258,2025-12-07,FR2406,sevilla,18:30:00,189,NAC,Domingo,Tarde,0.95,0.96
1259,2025-12-07,FR8631,tanger,18:45:00,189,INT,Domingo,Tarde,0.99,0.94
1260,2025-12-07,FR6394,dublin,19:10:00,197,INT,Domingo,Tarde,0.92,0.95
1261,2025-12-07,FR3160,bristol,19:25:00,189,INT,Domingo,Tarde,0.92,0.94
1262,2025-12-07,FR2233,al aaroui,19:40:00,189,INT,Domingo,Tarde,0.98,0.93
1263,2025-12-07,FR5710,napoli,19:45:00,189,EU,Domingo,Tarde,1.0,0.98
1264,2025-12-07,FR9015,london,19:45:00,189,INT,Domingo,Tarde,1.0,0.94
1265,2025-12-07,FR8136,ibiza,20:10:00,189,NAC,Domingo,Noche,0.92,0.81
1266,2025-12-07,FR6985,rome,20:30:00,197,EU,Domingo,Noche,0.93,0.95
1267,2025-12-07,FR4587,porto,20:40:00,189,EU,Domingo,Noche,0.96,0.92
1268,2025-12-07,FR6275,edinburgh,20:50:00,189,INT,Domingo,Noche,1.0,0.98
1269,2025-12-07,FR6944,warsaw,20:50:00,189,EU,Domingo,Noche,1.0,0.98
1270,2025-12-07,FR8615,budapest,21:00:00,189,EU,Domingo,Noche,1.0,0.98
1271,2025-12-07,FR2896,palma de mallorca,21:15:00,189,NAC,Domingo,Noche,0.94,0.92
1272,2025-12-07,FR3792,birmingham,21:20:00,189,INT,Domingo,Noche,1.0,0.96
1273,2025-12-07,FR5752,valletta,21:45:00,197,EU,Domingo,Noche,0.94,0.92
1274,2025-12-07,FR5220,bologna,22:50:00,189,EU,Domingo,Noche,1.0,0.95
1275,2025-12-07,FR9406,fes,23:15:00,189,INT,Domingo,Noche,0.96,0.87
