,fecha_scrapeo,Name_company,Num_flight,Name_Destiny,Time_flight,flight_state,flight_capacity,Aircraft,Gate
0,01/12/2025,Ryanair,FR3180,Rome (FCO),06:00,"En hora, Ha salido",189.0,Boeing 737-800,S25
1,01/12/2025,Ryanair,FR846,Milan (BGY),06:10,"En hora, Ha salido",189.0,Boeing 737-800,S20
2,01/12/2025,easyJet Europe,EC7105,Geneva (GVA),06:15,"En hora, Ha salido",156.0,Airbus A319,R11
3,01/12/2025,Ryanair,FR2233,Al Aaroui (NDR),06:20,"En hora, Ha salido",189.0,Boeing 737-800,W45
4,01/12/2025,Ryanair,FR8384,Budapest (BUD),06:25,"En hora, Ha salido",197.0,Boeing 737 MAX 8,U33
5,01/12/2025,Ryanair,FR3078,Lisbon (LIS),06:30,"En hora, Ha salido",189.0,Boeing 737-800,S23
6,01/12/2025,easyJet Europe,EC8062,London (LGW),06:45,"Retrasado, Ha salido 07:04",156.0,Airbus A319,M6
7,01/12/2025,Ryanair,FR3035,Krakow (KRK),06:45,"En hora, Ha salido",189.0,Boeing 737-800,U32
8,01/12/2025,Ryanair,FR8215,London (STN),06:45,"En hora, Ha salido",197.0,Boeing 737 MAX 8,Y54
9,01/12/2025,easyJet Europe,EC7141,Strasbourg (SXB),07:20,"En hora, Ha salido",156.0,Airbus A319,R9
10,01/12/2025,easyJet Europe,EC7151,Milan (MXP),07:20,"En hora, Ha salido",156.0,Airbus A319,R10
11,01/12/2025,Ryanair,FR3028,Ibiza (IBZ),07:35,"En hora, Ha salido",189.0,Boeing 737-800,S22
12,01/12/2025,Lauda Europe,LW1342,Palma de Mallorca (PMI),07:40,"En hora, Ha salido",180.0,Airbus A320,R14
13,01/12/2025,Ryanair,FR1165,Sevilla (SVQ),07:55,"En hora, Ha salido",189.0,Boeing 737-800,U35
14,01/12/2025,Norwegian Air Sweden AOC,D85510,Copenhagen (CPH),08:00,"En hora, Ha salido",189.0,Boeing 737-800,R13
15,01/12/2025,Ryanair,FR58,Napoli (NAP),08:35,"Retrasado, Ha salido 08:45",197.0,Boeing 737 MAX 8,U31
16,01/12/2025,Ryanair,FR575,Bologna (BLQ),08:40,"En hora, Ha salido",189.0,Boeing 737-800,S21
17,01/12/2025,easyJet Europe,EC1376,Geneva (GVA),08:45,"En hora, Ha salido",156.0,Airbus A319,R11
18,01/12/2025,Lauda Europe,LW12,Vienna (VIE),09:00,"En hora, Ha salido",180.0,Airbus A320,S24
19,01/12/2025,Ryanair,FR6078,Ouarzazate (OZZ),09:05,"En hora, Ha salido",189.0,Boeing 737-800,Y55
20,01/12/2025,Wizz Air,W62048,Krakow (KRK),09:05,"En hora, Ha salido",239.0,Airbus A321neo,U33
21,01/12/2025,Volotea,V72327,Strasbourg (SXB),09:10,"Retrasado, Ha salido 09:23",156.0,Airbus A319,R13
22,01/12/2025,Air Arabia Maroc,3O398,Rabat (RBA),09:20,"En hora, Ha salido",174.0,Airbus A320,Y58
23,01/12/2025,Eurowings,EW2521,Stuttgart (STR),09:20,"Retrasado, Ha salido 09:59",156.0,Airbus A319,S21
24,01/12/2025,Wizz Air Malta,W43176,Bucharest (OTP),09:25,"En hora, Ha salido",230.0,Airbus A321,U34
25,01/12/2025,Wizz Air Malta,W45088,Tirana (TIA),09:25,"En hora, Ha salido",230.0,Airbus A321,W46
26,01/12/2025,Wizz Air,W62376,Budapest (BUD),09:25,"Retrasado, Ha salido 09:38",239.0,Airbus A321neo,U32
27,01/12/2025,Volotea,V73573,Asturias (OVD),09:30,"En hora, Ha salido",156.0,Airbus A319,S23
28,01/12/2025,easyJet Europe,EC1030,"Basel, Switzerland/Mulhouse (BSL)",09:35,"En hora, Ha salido",180.0,Airbus A320,R10
29,01/12/2025,Ryanair,FR2834,Charleroi (CRL),09:40,"En hora, Ha salido",189.0,Boeing 737-800,U35
30,01/12/2025,Transavia,HV6062,Rotterdam (RTM),09:40,"En hora, Ha salido",189.0,Boeing 737-800,S22
31,01/12/2025,Eurowings,EW9441,Dusseldorf (DUS),09:45,"En hora, Ha salido",230.0,Airbus A321,R14
32,01/12/2025,Ryanair,FR2495,Palma de Mallorca (PMI),09:45,"En hora, Ha salido",189.0,Boeing 737-800,R12
33,01/12/2025,Ryanair,FR4545,Porto (OPO),09:50,"En hora, Ha salido",189.0,Boeing 737-800,S25
34,01/12/2025,Air Serbia,JU581,Belgrade (BEG),09:55,"Retrasado, Ha salido 10:11",156.0,Airbus A319,W42
35,01/12/2025,easyJet Europe,EC7656,Lisbon (LIS),10:00,"En hora, Ha salido",230.0,Airbus A321,R11
36,01/12/2025,Transavia,HV5132,Amsterdam (AMS),10:05,"Retrasado, Ha salido 10:20",189.0,Boeing 737-800,S20
37,01/12/2025,Wizz Air Malta,W46018,Rome (FCO),10:05,"Retrasado, Ha salido 10:15",239.0,Airbus A321neo,U31
38,01/12/2025,Ryanair,FR9175,Bristol (BRS),10:10,"En hora, Ha salido",189.0,Boeing 737-800,Y54
39,01/12/2025,Ryanair,FR6559,Liverpool (LPL),10:15,"En hora, Ha salido",189.0,Boeing 737-800,Y57
40,01/12/2025,Wizz Air,W61476,Warsaw (WAW),10:15,"En hora, Ha salido",230.0,Airbus A321,U33
41,01/12/2025,Ryanair,FR3143,Milan (BGY),10:20,"En hora, Ha salido",189.0,Boeing 737-800,U37
42,01/12/2025,Easyjet,U22324,London (LTN),10:25,"En hora, Ha salido",186.0,Airbus A320neo,M6
43,01/12/2025,Ryanair,FR7808,London (LTN),10:35,"En hora, Ha salido",197.0,Boeing 737 MAX 8,W45
44,01/12/2025,easyJet Europe,EC7131,Nice/Cote D'Azur (NCE),10:40,"En hora, Ha salido",156.0,Airbus A319,R9
45,01/12/2025,Easyjet,U28056,London (LGW),10:40,"En hora, Ha salido",156.0,Airbus A319,M3
46,01/12/2025,Ryanair,FR2239,Marrakech (RAK),10:45,"Retrasado, Ha salido 11:03",189.0,Boeing 737-800,Y58
47,01/12/2025,Ryanair,FR3121,Beauvais (BVA),10:45,"En hora, Ha salido",189.0,Boeing 737-800,U34
48,01/12/2025,Ryanair,FR3976,Dublin (DUB),10:45,"En hora, Ha salido",189.0,Boeing 737-800,Y55
49,01/12/2025,Ryanair,FR3039,Prague (PRG),10:55,"En hora, Ha salido",189.0,Boeing 737-800,R13
50,01/12/2025,Ryanair,FR9045,London (STN),11:00,"En hora, Ha salido",189.0,Boeing 737-800,W44
51,01/12/2025,Easyjet,U22002,Manchester (MAN),11:20,"En hora, Ha salido",180.0,Airbus A320,M6
52,01/12/2025,Aer Lingus,EI563,Dublin (DUB),11:30,"En hora, Ha salido",180.0,Airbus A320,Y54
53,01/12/2025,Ryanair,FR7539,Milan (MXP),11:30,"En hora, Ha salido",189.0,Boeing 737-800,U32
54,01/12/2025,Transavia,TO4755,Paris (ORY),11:30,"Retrasado, Ha salido 11:46",189.0,Boeing 737-800,R14
55,01/12/2025,Ryanair,FR1279,Copenhagen (CPH),11:35,"En hora, Ha salido",189.0,Boeing 737-800,S25
56,01/12/2025,easyJet Europe,EC7197,Birmingham (BHX),11:40,"En hora, Ha salido",156.0,Airbus A319,M8
57,01/12/2025,Ryanair,FR777,Venice (VCE),11:55,"En hora, Ha salido",197.0,Boeing 737 MAX 8,S24
58,01/12/2025,Ryanair,FR8217,London (STN),12:00,"En hora, Ha salido",189.0,Boeing 737-800,W46
59,01/12/2025,Ryanair,FR6973,Rome (FCO),12:35,"Retrasado, Ha salido 12:45",197.0,Boeing 737 MAX 8,S20
60,01/12/2025,Ryanair,FR774,Torino (TRN),12:40,"En hora, Ha salido",189.0,Boeing 737-800,U35
61,01/12/2025,Ryanair,FR483,Malaga (AGP),12:45,"Retrasado, Ha salido 13:45",189.0,Boeing 737-800,S26
62,01/12/2025,Pegasus Airlines,PC1092,Istanbul (SAW),12:45,"Retrasado, Ha salido 13:07",230.0,Airbus A321,W44
63,01/12/2025,Norwegian Air Sweden AOC,D83657,Copenhagen (CPH),12:50,"En hora, Ha salido",189.0,Boeing 737-800,S23
64,01/12/2025,easyJet Europe,EC7137,Lyon (LYS),12:55,"En hora, Ha salido",156.0,Airbus A319,R12
65,01/12/2025,Wizz Air,W67022,Bratislava (BTS),12:55,"En hora, Ha salido",239.0,Airbus A321neo,S22
66,01/12/2025,Ryanair,FR3108,Luxembourg (LUX),13:00,"En hora, Ha salido",197.0,Boeing 737 MAX 8,U34
67,01/12/2025,Wizz Air Malta,W46330,Milan (MXP),13:10,"Retrasado, Ha salido 13:37",239.0,Airbus A321neo,U31
68,01/12/2025,Ryanair,FR8631,Tanger (TNG),13:20,"En hora, Ha salido",189.0,Boeing 737-800,W42
69,01/12/2025,HiSky,H4264,Bucharest (OTP),13:20,"En hora, Ha salido",180.0,Airbus A320,R11
70,01/12/2025,Norwegian Air Sweden AOC,D81741,Oslo (OSL),13:25,"En hora, Ha salido",189.0,Boeing 737-800,U33
71,01/12/2025,Eurowings,EW521,Cologne-Bonn (CGN),13:25,"Retrasado, Programado 14:10",180.0,Airbus A320,S21
72,01/12/2025,Pegasus Airlines,PC1528,Izmir (ADB),13:30,"En hora, Ha salido",180.0,Airbus A320,W45
73,01/12/2025,Luxair,LG3592,Luxembourg (LUX),13:35,"Retrasado, Ha salido 13:45",76.0,de Havilland Dash 8-400,U37
74,01/12/2025,easyJet Europe,EC7153,Milan (MXP),13:40,"En hora, Ha salido",156.0,Airbus A319,R10
75,01/12/2025,Ryanair,FR4585,Porto (OPO),13:40,"En hora, Ha salido",189.0,Boeing 737-800,U32
76,01/12/2025,Ryanair,FR3189,Fes (FEZ),13:50,"En hora, Ha salido",189.0,Boeing 737-800,Y55
77,01/12/2025,Jet2,LS804,Manchester (MAN),13:50,"En hora, Programado",189.0,Boeing 737-800,W46
78,01/12/2025,Ryanair,FR3792,Birmingham (BHX),13:55,"En hora, Ha salido",189.0,Boeing 737-800,Y57
79,01/12/2025,Air Baltic,BT684,Riga (RIX),14:05,"En hora, Ha salido",149.0,Airbus A220-300,S23
80,01/12/2025,Ryanair,FR2889,Palma de Mallorca (PMI),14:05,"En hora, Programado",189.0,Boeing 737-800,S24
81,01/12/2025,Norwegian Air Sweden AOC,D85502,Stockholm (ARN),14:40,"En hora, Programado",189.0,Boeing 737-800,U41
82,01/12/2025,Bluebird Airways,BZ251,Tel Aviv (TLV),14:45,"Retrasado, Programado 14:56",189.0,Boeing 737-800,Y
83,01/12/2025,easyJet Europe,EC7107,Geneva (GVA),14:45,"En hora, Programado",156.0,Airbus A319,R13
84,01/12/2025,Turkish Airlines,TK608,Ankara (ESB),14:45,"En hora, Programado",162.0,Boeing 737-800,W44
85,01/12/2025,Volotea,V71443,Ancona (AOI),14:45,"En hora, Programado",180.0,Airbus A320,R
86,01/12/2025,Wizz Air,W64406,Sofia (SOF),14:50,"En hora, Programado",239.0,Airbus A321neo,U33
87,01/12/2025,easyJet Europe,EC4212,Napoli (NAP),14:55,"Retrasado, Programado 15:23",180.0,Airbus A320,R
88,01/12/2025,SmartWings,QS1059,Prague (PRG),14:55,"En hora, Programado",149.0,Airbus A220-300,S
89,01/12/2025,Air Arabia Maroc,3O376,Al Aaroui (NDR),15:00,"En hora, Programado",174.0,Airbus A320,Y55
90,01/12/2025,Ryanair,FR3146,Oujda (OUD),15:10,"Retrasado, Ha salido 15:13",189.0,Boeing 737-800,W42
91,01/12/2025,Ryanair,FR2330,Al Aaroui (NDR),15:15,"En hora, Ha salido",189.0,Boeing 737-800,Y57
92,01/12/2025,Ryanair,FR1681,Frankfurt-Hahn (HHN),15:35,"En hora, Ha salido",189.0,Boeing 737-800,U31
93,01/12/2025,Wizz Air,W61412,Warsaw (WMI),15:40,"En hora, Ha salido",239.0,Airbus A321neo,U32
94,01/12/2025,Pegasus Airlines,PC1094,Istanbul (SAW),15:45,"Retrasado, Ha salido 15:50",220.0,Airbus A321,W45
95,01/12/2025,Ryanair,FR867,Venice (VCE),16:05,"Retrasado, Ha salido 16:06",189.0,Boeing 737-800,U35
96,01/12/2025,Ryanair,FR9811,London (STN),16:05,"En hora, Ha salido",189.0,Boeing 737-800,Y54
97,01/12/2025,Wizz Air Malta,W43564,Timisoara (TSR),16:25,"Retrasado, Ha salido 16:55",180.0,Airbus A320,R13
98,01/12/2025,Volotea,V73735,Murcia (RMU),16:35,"En hora, Ha salido",180.0,Airbus A320,R14
99,01/12/2025,Ryanair,FR2507,Cologne-Bonn (CGN),16:45,"En hora, Ha salido",197.0,Boeing 737 MAX 8,S21
100,01/12/2025,Ryanair,FR5718,Bratislava (BTS),16:50,"Retrasado, Ha salido 17:02",197.0,Boeing 737 MAX 8,S24
101,01/12/2025,Ryanair,FR6305,Milan (BGY),16:50,"Retrasado, Ha salido 18:42",189.0,Boeing 737-800,U33
102,01/12/2025,Ryanair,FR6874,Dublin (DUB),16:55,"En hora, Ha salido",189.0,Boeing 737-800,W46
103,01/12/2025,Easyjet,U23372,Liverpool (LPL),17:00,"En hora, Ha salido",156.0,Airbus A319,M
104,01/12/2025,Ryanair,FR5270,Manchester (MAN),17:05,En hora,189.0,Boeing 737-800,W42
105,01/12/2025,BUZZ,RR6300,Sofia (SOF),17:05,"En hora, Ha salido",189.0,Boeing 737-800,S24
106,01/12/2025,easyJet Europe,EC7173,Berlin (BER),17:10,"En hora, Ha salido",156.0,Airbus A319,R10
107,01/12/2025,Volotea,V73700,Vitoria (VIT),17:15,"En hora, Ha salido",156.0,Airbus A319,S23
108,01/12/2025,Wizz Air,W67920,Kopitnari (KUT),17:15,"En hora, Ha salido",239.0,Airbus A321neo,W44
109,01/12/2025,Ryanair,FR1786,Vilnius (VNO),17:30,"En hora, Ha salido",189.0,Boeing 737-800,U32
110,01/12/2025,Ryanair,FR2922,Brussels (BRU),17:30,"Retrasado, Ha salido 18:20",189.0,Boeing 737-800,U34
111,01/12/2025,easyJet Europe,EC3737,Milan (MXP),17:35,"En hora, Ha salido",156.0,Airbus A319,R
112,01/12/2025,easyJet Europe,EC7199,Edinburgh (EDI),17:35,"En hora, Ha salido",156.0,Airbus A319,M8
113,01/12/2025,Transavia,HV5134,Amsterdam (AMS),17:50,"Retrasado, Ha salido 18:41",239.0,Airbus A321neo,S22
114,01/12/2025,Ryanair,FR269,Milan (MXP),18:00,"En hora, Ha salido",189.0,Boeing 737-800,U35
115,01/12/2025,easyJet Europe,EC7205,Southampton (SOU),18:05,"En hora, Ha salido",156.0,Airbus A319,M3
116,01/12/2025,Ryanair,FR3320,Milan (BGY),18:30,"Retrasado, Ha salido 19:15",189.0,Boeing 737-800,S20
117,01/12/2025,Wizz Air Malta,W43686,Iasi (IAS),18:30,"En hora, Ha salido",180.0,Airbus A320,R14
118,01/12/2025,Ryanair,FR3174,Ibiza (IBZ),18:45,"Retrasado, Ha salido 20:25",189.0,Boeing 737-800,U31
119,01/12/2025,Wizz Air,W61478,Warsaw (WAW),19:00,"En hora, Ha salido",230.0,Airbus A321,U31
120,01/12/2025,Ryanair,FR3185,Rabat (RBA),19:05,"Retrasado, Ha salido 19:25",189.0,Boeing 737-800,W46
121,01/12/2025,Ryanair,FR9307,Cork (ORK),19:15,"En hora, Ha salido",189.0,Boeing 737-800,Y54
122,01/12/2025,Ryanair,FR8231,London (STN),19:25,"Retrasado, Ha salido 19:45",197.0,Boeing 737 MAX 8,W42
123,01/12/2025,Eurowings,EW7521,Hamburg (HAM),19:40,"Retrasado, Ha salido 20:14",180.0,Airbus A320,U32
124,01/12/2025,Lauda Europe,LW2896,Palma de Mallorca (PMI),19:40,"Retrasado, Ha salido 20:39",180.0,Airbus A320,S21
125,01/12/2025,Wizz Air,W61706,Gdansk (GDN),19:40,"En hora, Ha salido",230.0,Airbus A321,R11
126,01/12/2025,Ryanair,FR133,Berlin (BER),19:45,"En hora, Ha salido",197.0,Boeing 737 MAX 8,U33
127,01/12/2025,Lauda Europe,LW7351,Vienna (VIE),19:45,"Retrasado, Ha salido 19:57",180.0,Airbus A320,S24
128,01/12/2025,Easyjet,U28058,London (LGW),19:45,"En hora, Ha salido",156.0,Airbus A319,M6
129,01/12/2025,Volotea,V71415,Verona (VRN),19:55,"En hora, Ha salido",180.0,Airbus A320,R14
130,01/12/2025,Wizz Air,W64666,Larnaca (LCA),19:55,"En hora, Ha salido",230.0,Airbus A321,W45
131,01/12/2025,Ryanair,FR3080,Malaga (AGP),20:00,"Retrasado, Ha salido 20:14",189.0,Boeing 737-800,S22
132,01/12/2025,Air Arabia Maroc,3O378,Tanger (TNG),20:05,"En hora, Ha salido",174.0,Airbus A320,Y54
133,01/12/2025,Ryanair,FR3807,Charleroi (CRL),20:05,"En hora, Ha salido",189.0,Boeing 737-800,U35
134,01/12/2025,Ryanair,FR6341,Rome (FCO),20:10,"En hora, Ha salido",189.0,Boeing 737-800,S23
135,01/12/2025,Ryanair,FR6597,Manchester (MAN),20:10,"Retrasado, Ha salido 20:22",189.0,Boeing 737-800,Y58
136,01/12/2025,easyJet Europe,EC1956,Milan (LIN),20:15,"Retrasado, Ha salido 20:26",180.0,Airbus A320,R12
137,01/12/2025,Wizz Air Malta,W42940,Vienna (VIE),20:20,"En hora, Ha salido",239.0,Airbus A321neo,U34
138,01/12/2025,easyJet Europe,EC1010,"Basel, Switzerland/Mulhouse (BSL)",20:30,"En hora, Ha salido",156.0,Airbus A319,R10
139,01/12/2025,T'Way Air,TW408,Seoul/Incheon (ICN),20:30,"Retrasado, Ha salido 20:50",246.0,Airbus A330-200,W43
140,01/12/2025,Volotea,V72135,Bordeaux (BOD),20:30,"En hora, Ha salido",180.0,Airbus A320,S25
141,01/12/2025,Ryanair,FR5710,Napoli (NAP),20:40,"En hora, Ha salido",189.0,Boeing 737-800,U36
142,01/12/2025,BUZZ,RR8394,Budapest (BUD),20:40,"Retrasado, Ha salido 21:00",197.0,Boeing 737 MAX 8,U33
143,01/12/2025,Transavia,TO4759,Paris (ORY),20:45,"En hora, Ha salido",186.0,Airbus A320neo,S20
144,01/12/2025,Wizz Air,W62378,Budapest (BUD),20:45,"En hora, Ha salido",239.0,Airbus A321neo,R11
145,01/12/2025,Ryanair,FR2098,Bologna (BLQ),20:50,"En hora, Ha salido",189.0,Boeing 737-800,S24
146,01/12/2025,Ryanair,FR3928,Trieste (TRS),20:50,"En hora, Ha salido",189.0,Boeing 737-800,S29
147,01/12/2025,Volotea,V72165,Nantes/Atlantique (NTE),20:50,"En hora, Ha salido",156.0,Airbus A319,R9
148,01/12/2025,Ryanair,FR878,Venice (VCE),20:55,"En hora, Ha salido",189.0,Boeing 737-800,U35
149,01/12/2025,Aer Lingus,EI565,Dublin (DUB),21:05,"Retrasado, Ha salido 21:18",174.0,Airbus A320,Y54
150,01/12/2025,Ryanair,FR6275,Edinburgh (EDI),21:05,"Retrasado, Ha salido 21:28",197.0,Boeing 737 MAX 8,Y55
151,01/12/2025,Ryanair,FR6920,Dublin (DUB),21:10,"Retrasado, Ha salido 21:37",189.0,Boeing 737-800,W42
152,01/12/2025,easyJet Europe,EC1380,Geneva (GVA),21:20,"En hora, Ha salido",180.0,Airbus A320,R12
153,01/12/2025,Wizz Air Malta,W43178,Bucharest (BBU),21:20,"En hora, Ha salido",230.0,Airbus A321,U32
154,01/12/2025,Wizz Air Malta,W43406,Cluj-Napoca (CLJ),21:25,"En hora, Ha salido",180.0,Airbus A320,R14
155,01/12/2025,Ryanair,FR2402,Sevilla (SVQ),21:30,"En hora, Ha salido",189.0,Boeing 737-800,S25
156,01/12/2025,BUZZ,RR4084,Warsaw (WMI),21:30,"En hora, Ha salido",189.0,Boeing 737-800,U34
157,01/12/2025,Wizz Air Malta,W46020,Rome (FCO),21:35,"En hora, Ha salido",239.0,Airbus A321neo,S23
158,01/12/2025,Ryanair,FR3168,Newcastle (NCL),21:45,"En hora, Ha salido",189.0,Boeing 737-800,W45
159,01/12/2025,Ryanair,FR4587,Porto (OPO),21:45,"Retrasado, Ha salido 21:55",197.0,Boeing 737 MAX 8,U31
160,01/12/2025,Ryanair,FR1527,Valletta (MLA),21:50,"En hora, Ha salido",189.0,Boeing 737-800,S21
161,01/12/2025,Ryanair,FR2250,Marrakech (RAK),21:50,"Retrasado, Ha salido 22:03",189.0,Boeing 737-800,Y57
162,01/12/2025,Easyjet,U22706,Bristol (BRS),21:55,Retrasado,180.0,Airbus A320,M
163,01/12/2025,Wizz Air,W64116,Belgrade (BEG),21:55,"En hora, Ha salido",230.0,Airbus A321,W46
164,01/12/2025,Wizz Air Malta,W46728,Venice (VCE),22:00,"En hora, Ha salido",239.0,Airbus A321neo,S22
165,01/12/2025,Ryanair,FR8574,Rome (FCO),22:20,"En hora, Programado",189.0,Boeing 737-800,U33
166,01/12/2025,easyJet Europe,EC7682,Lisbon (LIS),22:35,"En hora, Programado",230.0,Airbus A321,R11
167,01/12/2025,Wizz Air Malta,W45154,Tirana (TIA),22:45,"En hora, Programado",230.0,Airbus A321,W44
168,01/12/2025,Ryanair,FR3800,Birmingham (BHX),23:00,"En hora, Programado",197.0,Boeing 737 MAX 8,Y55
169,02/12/2025,easyJet Europe,EC7105,Geneva (GVA),06:00,"En hora, Ha salido",156.0,Airbus A319,R10
170,02/12/2025,Ryanair,FR2918,Brussels (BRU),06:05,"En hora, Ha salido",189.0,Boeing 737-800,S21
171,02/12/2025,Ryanair,FR3189,Fes (FEZ),06:15,"En hora, Ha salido",189.0,Boeing 737-800,Y59
172,02/12/2025,Ryanair,FR2507,Cologne-Bonn (CGN),06:20,"En hora, Ha salido",189.0,Boeing 737-800,S23
173,02/12/2025,Ryanair,FR4545,Porto (OPO),06:35,"En hora, Ha salido",197.0,Boeing 737 MAX 8,U37
174,02/12/2025,easyJet Europe,EC7101,"Basel, Switzerland/Mulhouse (BSL)",07:25,"En hora, Ha salido",156.0,Airbus A319,R13
175,02/12/2025,easyJet Europe,EC8062,London (LGW),07:30,"En hora, Ha salido",156.0,Airbus A319,M6
176,02/12/2025,Ryanair,FR3166,Palermo (PMO),07:35,"En hora, Ha salido",189.0,Boeing 737-800,S20
177,02/12/2025,Ryanair,FR5718,Bratislava (BTS),07:35,"En hora, Ha salido",189.0,Boeing 737-800,S22
178,02/12/2025,Ryanair,FR3193,Riga (RIX),07:55,"En hora, Ha salido",189.0,Boeing 737-800,R14
179,02/12/2025,easyJet Europe,EC3737,Milan (MXP),08:00,"En hora, Ha salido",156.0,Airbus A319,R9
180,02/12/2025,Ryanair,FR6973,Rome (FCO),08:20,"En hora, Ha salido",189.0,Boeing 737-800,U31
181,02/12/2025,Ryanair,FR133,Berlin (BER),08:50,"En hora, Ha salido",189.0,Boeing 737-800,U35
182,02/12/2025,Wizz Air Malta,W43938,Chisinau (KIV),09:00,"En hora, Ha salido",180.0,Airbus A320,Y58
183,02/12/2025,Wizz Air,W62048,Krakow (KRK),09:05,"Retrasado, Ha salido 09:41",239.0,Airbus A321neo,U36
184,02/12/2025,Ryanair,FR3035,Krakow (KRK),09:10,"Retrasado, Ha salido 09:48",189.0,Boeing 737-800,S24
185,02/12/2025,Ryanair,FR3807,Charleroi (CRL),09:10,"En hora, Ha salido",197.0,Boeing 737 MAX 8,U32
186,02/12/2025,Wizz Air,W61914,Vilnius (VNO),09:20,"En hora, Ha salido",239.0,Airbus A321neo,U34
187,02/12/2025,Wizz Air Malta,W43176,Bucharest (OTP),09:25,"En hora, Ha salido",230.0,Airbus A321,S21
188,02/12/2025,Wizz Air,W62376,Budapest (BUD),09:25,"En hora, Ha salido",230.0,Airbus A321,U33
189,02/12/2025,Wizz Air Malta,W42938,Vienna (VIE),09:35,"En hora, Ha salido",239.0,Airbus A321neo,S25
190,02/12/2025,Air Arabia Maroc,3O378,Tanger (TNG),09:45,"En hora, Ha salido",174.0,Airbus A320,Y57
191,02/12/2025,Air Serbia,JU581,Belgrade (BEG),09:55,"En hora, Ha salido",144.0,Airbus A319,W44
192,02/12/2025,easyJet Europe,EC7656,Lisbon (LIS),10:05,"En hora, Ha salido",180.0,Airbus A320,R10
193,02/12/2025,Lauda Europe,LW12,Vienna (VIE),10:15,"En hora, Ha salido",180.0,Airbus A320,R14
194,02/12/2025,Wizz Air,W61476,Warsaw (WAW),10:15,"En hora, Ha salido",239.0,Airbus A321neo,U35
195,02/12/2025,Ryanair,FR1279,Copenhagen (CPH),10:25,"En hora, Ha salido",197.0,Boeing 737 MAX 8,U31
196,02/12/2025,Ryanair,FR5270,Manchester (MAN),10:30,"En hora, Ha salido",197.0,Boeing 737 MAX 8,Y58
197,02/12/2025,Easyjet,U22324,London (LTN),10:35,"En hora, Ha salido",186.0,Airbus A320neo,M6
198,02/12/2025,Azerbaijan Airlines,J246,Baku (GYD),10:45,"Retrasado, Ha salido 11:05",186.0,Airbus A320neo,W45
199,02/12/2025,Aer Lingus,EI563,Dublin (DUB),11:30,"En hora, Ha salido",180.0,Airbus A320,Y54
200,02/12/2025,Ryanair,FR58,Napoli (NAP),11:40,"Retrasado, Ha salido 11:50",189.0,Boeing 737-800,S25
201,02/12/2025,Icelandair,FI597,Keflavik (KEF),11:50,"Retrasado, Ha salido 12:09",197.0,Boeing 737 MAX 8,U37
202,02/12/2025,Ryanair,FR3108,Luxembourg (LUX),12:15,"En hora, Ha salido",189.0,Boeing 737-800,U41
203,02/12/2025,easyJet Europe,EC7151,Milan (MXP),12:20,"En hora, Ha salido",156.0,Airbus A319,R10
204,02/12/2025,easyJet Europe,EC8064,London (LGW),12:25,"En hora, Ha salido",156.0,Airbus A319,M6
205,02/12/2025,Norwegian Air Sweden AOC,D83657,Copenhagen (CPH),12:30,"En hora, Ha salido",189.0,Boeing 737-800,U31
206,02/12/2025,Ryanair,FR8384,Budapest (BUD),12:35,"En hora, Ha salido",197.0,Boeing 737 MAX 8,U36
207,02/12/2025,Pegasus Airlines,PC1092,Istanbul (SAW),12:45,"Retrasado, Ha salido 12:58",220.0,Airbus A321,Y57
208,02/12/2025,Ryanair,FR6267,Edinburgh (EDI),12:55,"Retrasado, Ha salido 13:23",197.0,Boeing 737 MAX 8,Y58
209,02/12/2025,FlyOne,5F5512,Chisinau (KIV),13:30,"En hora, Ha salido",194.0,Airbus A321,W46
210,02/12/2025,Ryanair,FR2239,Marrakech (RAK),14:00,"En hora, Ha salido",189.0,Boeing 737-800,W42
211,02/12/2025,Ryanair,FR3076,Stockholm (ARN),14:05,"En hora, Programado",189.0,Boeing 737-800,U31
212,02/12/2025,Kuwait Airways,KU136,Kuwait City (KWI),14:25,"En hora, Programado",278.0,Airbus A330-900,W43
213,02/12/2025,Bluebird Airways,BZ251,Tel Aviv (TLV),14:45,"En hora, Programado",189.0,Boeing 737-800,Y
214,02/12/2025,easyJet Europe,EC7682,Lisbon (LIS),15:00,"En hora, Ha salido",180.0,Airbus A320,R10
215,02/12/2025,Ryanair,FR8217,London (STN),15:25,"En hora, Ha salido",189.0,Boeing 737-800,Y59
216,02/12/2025,Ryanair,FR846,Milan (BGY),16:55,"En hora, Programado",189.0,Boeing 737-800,U
217,02/12/2025,Ryanair,FR1165,Sevilla (SVQ),17:05,"En hora, Ha salido",189.0,Boeing 737-800,U37
218,02/12/2025,Ryanair,FR575,Bologna (BLQ),17:25,"En hora, Ha salido",197.0,Boeing 737 MAX 8,U41
219,02/12/2025,Volotea,V72327,Strasbourg (SXB),17:30,"Retrasado, Ha salido 17:49",180.0,Airbus A320,R13
220,02/12/2025,Transavia,HV5134,Amsterdam (AMS),17:45,"En hora, Ha salido",232.0,Airbus A321neo,S25
221,02/12/2025,easyJet Europe,EC7103,"Basel, Switzerland/Mulhouse (BSL)",18:10,"En hora, Ha salido",156.0,Airbus A319,R11
222,02/12/2025,BUZZ,RR6300,Sofia (SOF),18:15,"Retrasado, Ha salido 18:30",197.0,Boeing 737 MAX 8,S20
223,02/12/2025,Ryanair,FR777,Venice (VCE),18:40,"En hora, Ha salido",189.0,Boeing 737-800,U32
224,02/12/2025,Wizz Air,W61176,Katowice (KTW),18:55,"En hora, Ha salido",239.0,Airbus A321neo,R14
225,02/12/2025,Wizz Air,W61478,Warsaw (WAW),19:00,"En hora, Ha salido",239.0,Airbus A321neo,U31
226,02/12/2025,Wizz Air Malta,W43180,Bucharest (OTP),19:20,"En hora, Ha salido",230.0,Airbus A321,R13
227,02/12/2025,Ryanair,FR9015,London (STN),19:25,"En hora, Ha salido",197.0,Boeing 737 MAX 8,W42
228,02/12/2025,Ryanair,FR2495,Palma de Mallorca (PMI),19:30,"En hora, Ha salido",197.0,Boeing 737 MAX 8,S21
229,02/12/2025,Wizz Air,W64406,Sofia (SOF),19:35,"En hora, Ha salido",239.0,Airbus A321neo,S25
230,02/12/2025,Easyjet,U28058,London (LGW),19:45,"En hora, Ha salido",156.0,Airbus A319,M8
231,02/12/2025,Transavia,HV6790,Eindhoven (EIN),19:55,"Retrasado, Ha salido 20:08",189.0,Boeing 737-800,U36
232,02/12/2025,Air Arabia Maroc,3O642,Tanger (TNG),20:00,"Retrasado, Ha salido 20:11",174.0,Airbus A320,Y57
233,02/12/2025,easyJet Europe,EC1956,Milan (LIN),20:15,"En hora, Ha salido",180.0,Airbus A320,R11
234,02/12/2025,BUZZ,RR4084,Warsaw (WMI),20:15,"En hora, Ha salido",189.0,Boeing 737-800,U32
235,02/12/2025,Transavia,TO4759,Paris (ORY),20:45,"En hora, Ha salido",186.0,Airbus A320neo,S25
236,02/12/2025,easyJet Europe,EC1380,Geneva (GVA),21:15,"Retrasado, Programado 21:52",180.0,Airbus A320,R13
237,02/12/2025,Ryanair,FR6394,Dublin (DUB),21:15,"En hora, Ha salido",197.0,Boeing 737 MAX 8,Y58
238,02/12/2025,Wizz Air Malta,W46020,Rome (FCO),21:35,"En hora, Ha salido",239.0,Airbus A321neo,S24
239,02/12/2025,Ryanair,FR4585,Porto (OPO),22:00,"En hora, Ha salido",197.0,Boeing 737 MAX 8,S21
240,03/12/2025,Ryanair,FR2918,Brussels (BRU),06:05,"En hora, Ha salido",189.0,Boeing 737-800,S23
241,03/12/2025,Ryanair,FR3185,Rabat (RBA),06:05,"En hora, Ha salido",189.0,Boeing 737-800,W46
242,03/12/2025,Ryanair,FR9406,Fes (FEZ),06:05,"En hora, Ha salido",189.0,Boeing 737-800,W45
243,03/12/2025,easyJet Europe,EC7105,Geneva (GVA),06:10,"En hora, Ha salido",156.0,Airbus A319,R10
244,03/12/2025,Ryanair,FR483,Malaga (AGP),06:15,"En hora, Ha salido",189.0,Boeing 737-800,U41
245,03/12/2025,easyJet Europe,EC7193,Leeds Bradford (LBA),06:30,"En hora, Ha salido",156.0,Airbus A319,M3
246,03/12/2025,Ryanair,FR2239,Marrakech (RAK),06:35,"En hora, Ha salido",189.0,Boeing 737-800,Y59
247,03/12/2025,Ryanair,FR3028,Ibiza (IBZ),06:45,"En hora, Ha salido",189.0,Boeing 737-800,U37
248,03/12/2025,Ryanair,FR3108,Luxembourg (LUX),06:50,"En hora, Ha salido",197.0,Boeing 737 MAX 8,S20
249,03/12/2025,easyJet Europe,EC7101,"Basel, Switzerland/Mulhouse (BSL)",07:20,"En hora, Ha salido",156.0,Airbus A319,R15
250,03/12/2025,easyJet Europe,EC8062,London (LGW),07:20,"En hora, Ha salido",156.0,Airbus A319,M8
251,03/12/2025,Lauda Europe,LW2495,Palma de Mallorca (PMI),07:20,"En hora, Ha salido",180.0,Airbus A320,R13
252,03/12/2025,Ryanair,FR846,Milan (BGY),08:05,"En hora, Ha salido",189.0,Boeing 737-800,U37
253,03/12/2025,easyJet Europe,EC3737,Milan (MXP),08:25,"En hora, Ha salido",156.0,Airbus A319,R10
254,03/12/2025,easyJet Europe,EC7161,Napoli (NAP),09:20,"En hora, Ha salido",186.0,Airbus A320neo,R11
255,03/12/2025,Wizz Air Malta,W43176,Bucharest (OTP),09:25,"En hora, Ha salido",239.0,Airbus A321neo,S24
256,03/12/2025,Wizz Air,W62376,Budapest (BUD),09:25,"En hora, Ha salido",239.0,Airbus A321neo,U36
257,03/12/2025,BUZZ,RR8384,Budapest (BUD),09:30,"En hora, Ha salido",189.0,Boeing 737-800,R14
258,03/12/2025,Air Arabia Maroc,3O376,Al Aaroui (NDR),09:35,"Retrasado, Ha salido 09:52",174.0,Airbus A320,Y58
259,03/12/2025,Wizz Air Malta,W42940,Vienna (VIE),09:35,"En hora, Ha salido",239.0,Airbus A321neo,S23
260,03/12/2025,Ryanair,FR2834,Charleroi (CRL),09:45,"En hora, Ha salido",189.0,Boeing 737-800,S25
261,03/12/2025,Ryanair,FR4545,Porto (OPO),09:45,"En hora, Ha salido",197.0,Boeing 737 MAX 8,R13
262,03/12/2025,BUZZ,RR3049,Krakow (KRK),09:55,"Retrasado, Ha salido 10:30",197.0,Boeing 737 MAX 8,U31
263,03/12/2025,Air Arabia Maroc,3O642,Tanger (TNG),10:05,"En hora, Ha salido",174.0,Airbus A320,Y
264,03/12/2025,Transavia,HV5132,Amsterdam (AMS),10:05,"Retrasado, Ha salido 10:23",232.0,Airbus A321neo,U32
265,03/12/2025,Ryanair,FR3078,Lisbon (LIS),10:15,"En hora, Ha salido",189.0,Boeing 737-800,S20
266,03/12/2025,Wizz Air,W61476,Warsaw (WAW),10:15,"En hora, Ha salido",239.0,Airbus A321neo,U35
267,03/12/2025,Ryanair,FR3039,Prague (PRG),10:20,"En hora, Ha salido",189.0,Boeing 737-800,U33
268,03/12/2025,Easyjet,U22002,Manchester (MAN),10:30,"En hora, Ha salido",180.0,Airbus A320,M8
269,03/12/2025,Air Baltic,BT878,Tallinn (TLL),10:35,"Retrasado, Ha salido 10:54",148.0,Airbus A220-300,U34
270,03/12/2025,Norwegian Air Sweden AOC,D85544,Rovaniemi (RVN),10:40,"En hora, Ha salido",189.0,Boeing 737-800,S22
271,03/12/2025,Ryanair,FR6267,Edinburgh (EDI),10:45,"Retrasado, Ha salido 11:05",197.0,Boeing 737 MAX 8,Y55
272,03/12/2025,SkyUp MT,U5406,Chisinau (KIV),10:50,"Retrasado, Ha salido 12:24",141.0,Boeing 737-700,Y58
273,03/12/2025,Easyjet,U22704,Bristol (BRS),10:55,"Retrasado, Ha salido 11:25",180.0,Airbus A320,M6
274,03/12/2025,Ryanair,FR2507,Cologne-Bonn (CGN),11:00,"En hora, Ha salido",197.0,Boeing 737 MAX 8,U36
275,03/12/2025,Aer Lingus,EI563,Dublin (DUB),11:30,"Retrasado, Ha salido 11:49",174.0,Airbus A320,W46
276,03/12/2025,Ryanair,FR575,Bologna (BLQ),11:40,"En hora, Ha salido",189.0,Boeing 737-800,S24
277,03/12/2025,Ryanair,FR9925,Frankfurt-Hahn (HHN),12:35,"En hora, Ha salido",189.0,Boeing 737-800,S25
278,03/12/2025,Pegasus Airlines,PC1092,Istanbul (SAW),12:45,"En hora, Ha salido",230.0,Airbus A321,Y57
279,03/12/2025,Ryanair,FR6597,Manchester (MAN),13:00,"En hora, Ha salido",197.0,Boeing 737 MAX 8,W44
280,03/12/2025,HiSky,H4264,Bucharest (OTP),13:20,"En hora, Ha salido",180.0,Airbus A320,R13
281,03/12/2025,Eurowings,EW521,Cologne-Bonn (CGN),13:25,"Retrasado, Ha salido 14:08",180.0,Airbus A320,S24
282,03/12/2025,Turkish Airlines,TK608,Ankara (ESB),14:00,"En hora, Ha salido",162.0,Boeing 737-800,Y54
283,03/12/2025,Volotea,V72327,Strasbourg (SXB),14:40,"Retrasado, Programado 14:50",180.0,Airbus A320,R14
284,03/12/2025,Bluebird Airways,BZ251,Tel Aviv (TLV),14:45,"En hora, Programado",189.0,Boeing 737-800,Y55
285,03/12/2025,Norwegian Air Sweden AOC,D83659,Copenhagen (CPH),14:45,"En hora, Programado",189.0,Boeing 737-800,U32
286,03/12/2025,Eurowings,EW2521,Stuttgart (STR),15:10,"En hora, Ha salido",156.0,Airbus A319,S23
287,03/12/2025,Ryanair,FR777,Venice (VCE),15:10,"En hora, Ha salido",189.0,Boeing 737-800,S25
288,03/12/2025,Ryanair,FR12,Vienna (VIE),15:15,"En hora, Ha salido",197.0,Boeing 737 MAX 8,U37
289,03/12/2025,easyJet Europe,EC7682,Lisbon (LIS),15:25,"En hora, Ha salido",180.0,Airbus A320,R12
290,03/12/2025,Wizz Air,W61412,Warsaw (WMI),15:40,"En hora, Ha salido",239.0,Airbus A321neo,U36
291,03/12/2025,Pegasus Airlines,PC1094,Istanbul (SAW),15:45,"Retrasado, Ha salido 16:15",239.0,Airbus A321neo,Y57
292,03/12/2025,Volotea,V71415,Verona (VRN),15:45,"En hora, Ha salido",180.0,Airbus A320,R13
293,03/12/2025,Ryanair,FR3035,Krakow (KRK),16:15,"En hora, Ha salido",197.0,Boeing 737 MAX 8,U41
294,03/12/2025,Transavia,TO4755,Paris (ORY),16:45,"En hora, Ha salido",186.0,Airbus A320neo,U31
295,03/12/2025,Ryanair,FR3928,Trieste (TRS),16:50,"En hora, Ha salido",189.0,Boeing 737-800,U37
296,03/12/2025,Ryanair,FR5718,Bratislava (BTS),16:50,"En hora, Ha salido",189.0,Boeing 737-800,S20
297,03/12/2025,Wizz Air,W67920,Kopitnari (KUT),17:15,"En hora, Ha salido",230.0,Airbus A321,Y54
298,03/12/2025,Ryanair,FR4585,Porto (OPO),17:30,"En hora, Ha salido",189.0,Boeing 737-800,U33
299,03/12/2025,Iberojet,E9803,Palmerola (XPL),17:40,"Retrasado, Ha salido 18:03",432.0,Airbus A350-900,W46
300,03/12/2025,easyJet Europe,EC8060,London (LGW),17:45,"En hora, Ha salido",156.0,Airbus A319,M6
301,03/12/2025,Ryanair,FR3180,Rome (FCO),18:00,"En hora, Ha salido",189.0,Boeing 737-800,U37
302,03/12/2025,Wizz Air Malta,W43686,Iasi (IAS),18:30,"En hora, Ha salido",180.0,Airbus A320,S21
303,03/12/2025,easyJet Europe,EC7103,"Basel, Switzerland/Mulhouse (BSL)",18:35,"En hora, Ha salido",156.0,Airbus A319,R9
304,03/12/2025,Ryanair,FR3129,Ibiza (IBZ),18:35,"En hora, Ha salido",189.0,Boeing 737-800,S25
305,03/12/2025,BUZZ,RR8394,Budapest (BUD),18:50,"Retrasado, Ha salido 19:06",189.0,Boeing 737-800,S20
306,03/12/2025,easyJet Europe,EC7155,Milan (MXP),19:00,"En hora, Ha salido",156.0,Airbus A319,R11
307,03/12/2025,Ryanair,FR8231,London (STN),19:00,"En hora, Ha salido",189.0,Boeing 737-800,Y59
308,03/12/2025,Wizz Air,W61478,Warsaw (WAW),19:00,"En hora, Ha salido",239.0,Airbus A321neo,U36
309,03/12/2025,Ryanair,FR1165,Sevilla (SVQ),19:10,"En hora, Ha salido",197.0,Boeing 737 MAX 8,S23
310,03/12/2025,Ryanair,FR9334,Marrakech (RAK),19:10,"Retrasado, Ha salido 19:29",189.0,Boeing 737-800,Y55
311,03/12/2025,Ryanair,FR1342,Palma de Mallorca (PMI),19:15,"En hora, Ha salido",197.0,Boeing 737 MAX 8,S22
312,03/12/2025,Eurowings,EW9443,Dusseldorf (DUS),19:35,"Retrasado, Ha salido 19:48",180.0,Airbus A320,S24
313,03/12/2025,Ryanair,FR133,Berlin (BER),19:35,"Retrasado, Ha salido 19:55",197.0,Boeing 737 MAX 8,U31
314,03/12/2025,Transavia,HV6064,Rotterdam (RTM),19:40,"En hora, Ha salido",189.0,Boeing 737-800,U32
315,03/12/2025,Easyjet,U28058,London (LGW),19:45,"Retrasado, Programado 01:10",180.0,Airbus A320,M
316,03/12/2025,Ryanair,FR3143,Milan (BGY),19:55,"En hora, Ha salido",189.0,Boeing 737-800,U41
317,03/12/2025,Ryanair,FR58,Napoli (NAP),20:10,"En hora, Ha salido",189.0,Boeing 737-800,U37
318,03/12/2025,BUZZ,RR5246,Vilnius (VNO),20:10,"En hora, Ha salido",197.0,Boeing 737 MAX 8,U35
319,03/12/2025,easyJet Europe,EC1956,Milan (LIN),20:15,"En hora, Ha salido",180.0,Airbus A320,R12
320,03/12/2025,Air Arabia Maroc,3O378,Tanger (TNG),20:20,"En hora, Ha salido",174.0,Airbus A320,Y57
321,03/12/2025,T'Way Air,TW408,Seoul/Incheon (ICN),20:30,"En hora, Ha salido",294.0,BOEING 777-300ER,W43
322,03/12/2025,Air Europa,FB585,Belgrade (BEG),20:35,"Retrasado, Ha salido 20:49",108.0,Embraer ERJ-190,Y58
323,03/12/2025,Wizz Air,W62378,Budapest (BUD),20:45,"Retrasado, Ha salido 20:57",239.0,Airbus A321neo,U36
324,03/12/2025,Transavia,TO4759,Paris (ORY),20:50,"En hora, Ha salido",186.0,Airbus A320neo,U33
325,03/12/2025,Easyjet,U22326,London (LTN),20:55,"En hora, Ha salido",186.0,Airbus A320neo,M6
326,03/12/2025,easyJet Europe,EC1380,Geneva (GVA),21:15,"Retrasado, Programado 22:17",180.0,Airbus A320,R13
327,03/12/2025,Wizz Air Malta,W43406,Cluj-Napoca (CLJ),21:25,"En hora, Ha salido",186.0,Airbus A320neo,S21
328,03/12/2025,Wizz Air Malta,W46020,Rome (FCO),21:35,"Retrasado, Ha salido 21:46",239.0,Airbus A321neo,S22
329,03/12/2025,Ryanair,FR6394,Dublin (DUB),22:05,"En hora, Programado",189.0,Boeing 737-800,W44
330,04/12/2025,Ryanair,FR8215,London (STN),06:00,"En hora, Ha salido",189.0,Boeing 737-800,W46
331,04/12/2025,easyJet Europe,EC7105,Geneva (GVA),06:10,"En hora, Ha salido",156.0,Airbus A319,R10
332,04/12/2025,Ryanair,FR3976,Dublin (DUB),06:15,"En hora, Ha salido",197.0,Boeing 737 MAX 8,W42
333,04/12/2025,easyJet Europe,EC7191,Glasgow (GLA),06:40,"Retrasado, Ha salido 07:06",156.0,Airbus A319,M6
334,04/12/2025,Ryanair,FR3049,Krakow (KRK),06:40,"En hora, Ha salido",197.0,Boeing 737 MAX 8,U33
335,04/12/2025,Ryanair,FR3028,Ibiza (IBZ),06:45,"En hora, Ha salido",189.0,Boeing 737-800,U31
336,04/12/2025,Lauda Europe,LW2495,Palma de Mallorca (PMI),07:20,"En hora, Ha salido",180.0,Airbus A320,R13
337,04/12/2025,Ryanair,FR133,Berlin (BER),07:25,"En hora, Ha salido",189.0,Boeing 737-800,S23
338,04/12/2025,easyJet Europe,EC7101,"Basel, Switzerland/Mulhouse (BSL)",07:30,"En hora, Ha salido",156.0,Airbus A319,R15
339,04/12/2025,easyJet Europe,EC7151,Milan (MXP),07:30,"En hora, Ha salido",156.0,Airbus A319,R12
340,04/12/2025,Ryanair,FR2507,Cologne-Bonn (CGN),07:45,"En hora, Ha salido",197.0,Boeing 737 MAX 8,S24
341,04/12/2025,Norwegian Air Sweden AOC,D85510,Copenhagen (CPH),07:55,"En hora, Ha salido",189.0,Boeing 737-800,S25
342,04/12/2025,Ryanair,FR575,Bologna (BLQ),08:05,"En hora, Ha salido",189.0,Boeing 737-800,U37
343,04/12/2025,Ryanair,FR774,Torino (TRN),08:05,"En hora, Ha salido",189.0,Boeing 737-800,U36
344,04/12/2025,Ryanair,FR6973,Rome (FCO),08:40,"En hora, Ha salido",189.0,Boeing 737-800,S21
345,04/12/2025,Wizz Air Malta,W43938,Chisinau (KIV),09:00,"En hora, Ha salido",180.0,Airbus A320,W45
346,04/12/2025,Ryanair,FR5710,Napoli (NAP),09:05,"En hora, Ha salido",189.0,Boeing 737-800,S22
347,04/12/2025,Wizz Air,W62048,Krakow (KRK),09:05,"Retrasado, Ha salido 09:22",239.0,Airbus A321neo,U32
348,04/12/2025,Lauda Europe,LW12,Vienna (VIE),09:10,"Retrasado, Ha salido 09:30",180.0,Airbus A320,R13
349,04/12/2025,Wizz Air,W61914,Vilnius (VNO),09:20,"Retrasado, Ha salido 09:34",239.0,Airbus A321neo,U34
350,04/12/2025,Wizz Air Malta,W43176,Bucharest (OTP),09:25,"En hora, Ha salido",239.0,Airbus A321neo,U33
351,04/12/2025,Wizz Air,W62376,Budapest (BUD),09:25,"Retrasado, Ha salido 09:48",239.0,Airbus A321neo,U35
352,04/12/2025,Ryanair,FR3320,Milan (BGY),09:30,"En hora, Ha salido",189.0,Boeing 737-800,S25
353,04/12/2025,Wizz Air Malta,W42938,Vienna (VIE),09:35,"En hora, Ha salido",239.0,Airbus A321neo,S20
354,04/12/2025,Transavia,TO4751,Paris (ORY),09:40,"Retrasado, Ha salido 09:52",186.0,Airbus A320neo,U31
355,04/12/2025,Air Serbia,JU581,Belgrade (BEG),09:55,"En hora, Ha salido",156.0,Airbus A319,Y58
356,04/12/2025,easyJet Europe,EC7656,Lisbon (LIS),10:00,"En hora, Ha salido",180.0,Airbus A320,R10
357,04/12/2025,Ryanair,FR1279,Copenhagen (CPH),10:00,"En hora, Ha salido",197.0,Boeing 737 MAX 8,S24
358,04/12/2025,Transavia,HV5132,Amsterdam (AMS),10:05,"En hora, Ha salido",239.0,Airbus A321neo,R14
359,04/12/2025,Wizz Air,W61476,Warsaw (WAW),10:15,"En hora, Ha salido",239.0,Airbus A321neo,U36
360,04/12/2025,Ryanair,FR1165,Sevilla (SVQ),10:20,"En hora, Ha salido",189.0,Boeing 737-800,U37
361,04/12/2025,Ryanair,FR3121,Beauvais (BVA),10:25,"En hora, Ha salido",189.0,Boeing 737-800,S22
362,04/12/2025,BUZZ,RR8384,Budapest (BUD),10:25,"En hora, Ha salido",189.0,Boeing 737-800,S21
363,04/12/2025,Easyjet,U22326,London (LTN),10:35,"En hora, Ha salido",186.0,Airbus A320neo,M1
364,04/12/2025,Easyjet,U28056,London (LGW),10:35,"En hora, Ha salido",186.0,Airbus A320neo,M6
365,04/12/2025,Easyjet,U25716,Southend (SEN),10:40,"En hora, Ha salido",186.0,Airbus A320neo,M3
366,04/12/2025,Azerbaijan Airlines,J246,Baku (GYD),10:45,"Retrasado, Ha salido 10:55",156.0,Airbus A319,W46
367,04/12/2025,Ryanair,FR3792,Birmingham (BHX),11:00,"En hora, Ha salido",189.0,Boeing 737-800,Y57
368,04/12/2025,Ryanair,FR4545,Porto (OPO),11:00,"En hora, Ha salido",197.0,Boeing 737 MAX 8,U32
369,04/12/2025,Easyjet,U22704,Bristol (BRS),11:05,"En hora, Ha salido",186.0,Airbus A320neo,M2
370,04/12/2025,Ryanair,FR483,Malaga (AGP),11:10,"En hora, Ha salido",197.0,Boeing 737 MAX 8,S25
371,04/12/2025,Ryanair,FR6597,Manchester (MAN),11:20,Retrasado,189.0,Boeing 737-800,Y
372,04/12/2025,Aer Lingus,EI563,Dublin (DUB),11:30,"En hora, Ha salido",180.0,Airbus A320,W45
373,04/12/2025,easyJet Europe,EC7131,Nice/Cote D'Azur (NCE),12:00,"En hora, Ha salido",180.0,Airbus A320,R10
374,04/12/2025,easyJet Europe,EC8064,London (LGW),12:10,"En hora, Ha salido",156.0,Airbus A319,M6
375,04/12/2025,Ryanair,FR2239,Marrakech (RAK),12:30,"En hora, Ha salido",189.0,Boeing 737-800,Y58
376,04/12/2025,Ryanair,FR3160,Bristol (BRS),12:45,"En hora, Ha salido",189.0,Boeing 737-800,W42
377,04/12/2025,Pegasus Airlines,PC1092,Istanbul (SAW),12:45,"Retrasado, Ha salido 12:55",220.0,Airbus A321,Y55
378,04/12/2025,Wizz Air,W67022,Bratislava (BTS),12:55,"Retrasado, Ha salido 13:06",239.0,Airbus A321neo,U36
379,04/12/2025,Ryanair,FR1681,Frankfurt-Hahn (HHN),13:00,"En hora, Ha salido",189.0,Boeing 737-800,S21
380,04/12/2025,Volotea,V71445,Olbia (OLB),13:05,"En hora, Ha salido",180.0,Airbus A320,R14
381,04/12/2025,Norwegian Air Shuttle,DY1741,Oslo (OSL),13:25,"En hora, Ha salido",189.0,Boeing 737-800,U32
382,04/12/2025,Ryanair,FR3039,Prague (PRG),13:30,"En hora, Ha salido",197.0,Boeing 737 MAX 8,U33
383,04/12/2025,Luxair,LG3592,Luxembourg (LUX),13:35,"Retrasado, Ha salido 13:54",76.0,de Havilland Dash 8-400,U37
384,04/12/2025,Ryanair,FR269,Milan (MXP),13:40,"En hora, Ha salido",189.0,Boeing 737-800,U41
385,04/12/2025,Ryanair,FR6267,Edinburgh (EDI),13:45,"En hora, Ha salido",197.0,Boeing 737 MAX 8,Y58
386,04/12/2025,Ryanair,FR846,Milan (BGY),13:45,"En hora, Ha salido",197.0,Boeing 737 MAX 8,S25
387,04/12/2025,Jet2,LS804,Manchester (MAN),13:50,"En hora, Ha salido",189.0,Boeing 737-800,Y57
388,04/12/2025,Ryanair,FR2233,Al Aaroui (NDR),14:00,"En hora, Programado",189.0,Boeing 737-800,Y54
389,04/12/2025,Air Baltic,BT684,Riga (RIX),14:05,"En hora, Programado",149.0,Airbus A220-300,U34
390,04/12/2025,easyJet Europe,EC7153,Milan (MXP),14:10,"En hora, Ha salido",156.0,Airbus A319,R12
391,04/12/2025,SunExpress,XQ895,Izmir (ADB),14:15,"En hora, Programado",189.0,Boeing 737-800,W46
392,04/12/2025,Kuwait Airways,KU136,Kuwait City (KWI),14:25,"En hora, Programado",235.0,Airbus A330-800,W43
393,04/12/2025,Ryanair,FR9015,London (STN),14:30,"En hora, Programado",189.0,Boeing 737-800,Y55
394,04/12/2025,easyJet Europe,EC4212,Napoli (NAP),14:35,"En hora, Programado",180.0,Airbus A320,R10
395,04/12/2025,Norwegian Air Sweden AOC,D85502,Stockholm (ARN),14:40,"En hora, Programado",189.0,Boeing 737-800,U39
396,04/12/2025,Bluebird Airways,BZ251,Tel Aviv (TLV),14:45,"En hora, Programado",189.0,Boeing 737-800,W45
397,04/12/2025,SmartWings,QS1059,Prague (PRG),14:55,"Retrasado, Programado 15:06",149.0,Airbus A220-300,U
398,04/12/2025,Ryanair,FR3189,Fes (FEZ),15:00,"Retrasado, Ha salido 15:30",189.0,Boeing 737-800,Y58
399,04/12/2025,Ryanair,FR2922,Brussels (BRU),16:05,"En hora, Ha salido",189.0,Boeing 737-800,U32
400,04/12/2025,Volotea,V73573,Asturias (OVD),16:05,"En hora, Ha salido",156.0,Airbus A319,R14
401,04/12/2025,Volotea,V73700,Vitoria (VIT),16:15,"En hora, Ha salido",180.0,Airbus A320,R13
402,04/12/2025,Ryanair,FR9045,London (STN),16:30,"En hora, Ha salido",189.0,Boeing 737-800,W42
403,04/12/2025,Ryanair,FR9913,Tallinn (TLL),16:30,"En hora, Ha salido",197.0,Boeing 737 MAX 8,U37
404,04/12/2025,Ryanair,FR4585,Porto (OPO),16:35,"En hora, Ha salido",197.0,Boeing 737 MAX 8,U31
405,04/12/2025,easyJet Europe,EC1378,Geneva (GVA),16:50,"Retrasado, Ha salido 17:05",180.0,Airbus A320,R12
406,04/12/2025,easyJet Europe,EC7173,Berlin (BER),17:25,"En hora, Ha salido",156.0,Airbus A319,R11
407,04/12/2025,BUZZ,RR8394,Budapest (BUD),17:30,"En hora, Ha salido",189.0,Boeing 737-800,S20
408,04/12/2025,Volotea,V72327,Strasbourg (SXB),17:30,"En hora, Ha salido",180.0,Airbus A320,R14
409,04/12/2025,BUZZ,RR6300,Sofia (SOF),17:45,"En hora, Ha salido",189.0,Boeing 737-800,U32
410,04/12/2025,Ryanair,FR5718,Bratislava (BTS),18:00,"En hora, Ha salido",189.0,Boeing 737-800,U33
411,04/12/2025,easyJet Europe,EC7139,Rennes/Saint-Jacques (RNS),18:15,"En hora, Ha salido",156.0,Airbus A319,R10
412,04/12/2025,Ryanair,FR3078,Lisbon (LIS),18:30,"En hora, Ha salido",189.0,Boeing 737-800,S24
413,04/12/2025,Ryanair,FR6394,Dublin (DUB),18:30,"En hora, Ha salido",197.0,Boeing 737 MAX 8,W42
414,04/12/2025,easyJet Europe,EC7103,"Basel, Switzerland/Mulhouse (BSL)",18:40,"Retrasado, Ha salido 19:14",156.0,Airbus A319,R12
415,04/12/2025,Wizz Air Malta,W43180,Bucharest (OTP),18:45,"En hora, Ha salido",230.0,Airbus A321,S22
416,04/12/2025,Wizz Air,W61176,Katowice (KTW),18:55,"Retrasado, Ha salido 19:06",239.0,Airbus A321neo,U36
417,04/12/2025,BUZZ,RR3193,Riga (RIX),19:05,"En hora, Ha salido",189.0,Boeing 737-800,S20
418,04/12/2025,easyJet Europe,EC7155,Milan (MXP),19:15,"En hora, Ha salido",156.0,Airbus A319,R9
419,04/12/2025,Ryanair,FR1342,Palma de Mallorca (PMI),19:25,"En hora, Ha salido",189.0,Boeing 737-800,S21
420,04/12/2025,Ryanair,FR8217,London (STN),19:25,"En hora, Ha salido",189.0,Boeing 737-800,W44
421,04/12/2025,Wizz Air,W64406,Sofia (SOF),19:35,"En hora, Ha salido",239.0,Airbus A321neo,U34
422,04/12/2025,Air Arabia Maroc,3O378,Tanger (TNG),19:40,"Retrasado, Ha salido 20:12",174.0,Airbus A320,Y55
423,04/12/2025,Eurowings,EW2521,Stuttgart (STR),19:40,"Retrasado, Ha salido 20:55",239.0,Airbus A321neo,S25
424,04/12/2025,Wizz Air,W61478,Warsaw (WAW),19:40,"En hora, Ha salido",239.0,Airbus A321neo,U35
425,04/12/2025,Ryanair,FR8598,Reggio Calabria (REG),19:45,"En hora, Ha salido",189.0,Boeing 737-800,U31
426,04/12/2025,Easyjet,U28058,London (LGW),19:45,"En hora, Ha salido",186.0,Airbus A320neo,M6
427,04/12/2025,Ryanair,FR8631,Tanger (TNG),19:55,"En hora, Ha salido",189.0,Boeing 737-800,Y57
428,04/12/2025,Volotea,V72167,Lille/Lesquin (LIL),19:55,"En hora, Ha salido",180.0,Airbus A320,S24
429,04/12/2025,Transavia,HV6788,Eindhoven (EIN),20:00,"Retrasado, Ha salido 20:30",189.0,Boeing 737-800,U32
430,04/12/2025,easyJet Europe,EC1956,Milan (LIN),20:15,"En hora, Ha salido",180.0,Airbus A320,R11
431,04/12/2025,Air Arabia Maroc,3O376,Al Aaroui (NDR),20:25,"Retrasado, Ha salido 20:55",174.0,Airbus A320,Y54
432,04/12/2025,Ryanair,FR3143,Milan (BGY),20:25,"En hora, Ha salido",189.0,Boeing 737-800,R13
433,04/12/2025,Ryanair,FR4587,Porto (OPO),20:45,"En hora, Ha salido",197.0,Boeing 737 MAX 8,R12
434,04/12/2025,Transavia,HV5136,Amsterdam (AMS),20:45,"En hora, Ha salido",239.0,Airbus A321neo,U33
435,04/12/2025,Wizz Air,W62378,Budapest (BUD),20:45,"En hora, Ha salido",239.0,Airbus A321neo,U36
436,04/12/2025,Transavia,TO4759,Paris (ORY),20:50,"En hora, Ha salido",186.0,Airbus A320neo,U31
437,04/12/2025,Easyjet,U22324,London (LTN),20:55,"En hora, Ha salido",186.0,Airbus A320neo,M6
438,04/12/2025,Wizz Air,W64738,Skopje (SKP),20:55,"En hora, Ha salido",239.0,Airbus A321neo,W45
439,04/12/2025,BUZZ,RR333,Gdansk (GDN),21:00,"En hora, Ha salido",189.0,Boeing 737-800,U35
440,04/12/2025,Aer Lingus,EI565,Dublin (DUB),21:05,"Retrasado, Ha salido 21:16",180.0,Airbus A320,W46
441,04/12/2025,easyJet Europe,EC1380,Geneva (GVA),21:15,"Retrasado, Ha salido 21:30",180.0,Airbus A320,R10
442,04/12/2025,Ryanair,FR1527,Valletta (MLA),21:20,"Retrasado, Ha salido 21:37",197.0,Boeing 737 MAX 8,R14
443,04/12/2025,Wizz Air Malta,W43178,Bucharest (BBU),21:20,"Retrasado, Programado 23:28",230.0,Airbus A321,S
444,04/12/2025,Wizz Air Malta,W46728,Venice (VCE),21:20,"En hora, Ha salido",230.0,Airbus A321,S21
445,04/12/2025,Wizz Air Malta,W43406,Cluj-Napoca (CLJ),21:25,"En hora, Ha salido",180.0,Airbus A320,S20
446,04/12/2025,BUZZ,RR3035,Krakow (KRK),21:30,"Retrasado, Programado 22:20",197.0,Boeing 737 MAX 8,U34
447,04/12/2025,BUZZ,RR4084,Warsaw (WMI),21:30,"En hora, Ha salido",189.0,Boeing 737-800,U32
448,04/12/2025,Wizz Air Malta,W46020,Rome (FCO),21:35,"Retrasado, Ha salido 21:50",239.0,Airbus A321neo,S23
449,04/12/2025,Wizz Air,W64116,Belgrade (BEG),22:10,"En hora, Ha salido",239.0,Airbus A321neo,Y53
450,04/12/2025,Wizz Air Malta,W45154,Tirana (TIA),22:45,"En hora, Programado",239.0,Airbus A321neo,W44
451,05/12/2025,easyJet Europe,EC7105,Geneva (GVA),06:10,"En hora, Ha salido",156.0,Airbus A319,R10
452,05/12/2025,Ryanair,FR8183,Bologna (BLQ),06:10,"En hora, Ha salido",189.0,Boeing 737-800,S24
453,05/12/2025,Ryanair,FR8231,London (STN),06:10,"En hora, Ha salido",189.0,Boeing 737-800,Y59
454,05/12/2025,Ryanair,FR777,Venice (VCE),06:20,"En hora, Ha salido",189.0,Boeing 737-800,U36
455,05/12/2025,Ryanair,FR846,Milan (BGY),06:25,"En hora, Ha salido",189.0,Boeing 737-800,U35
456,05/12/2025,Ryanair,FR133,Berlin (BER),06:35,"En hora, Ha salido",189.0,Boeing 737-800,U33
457,05/12/2025,Ryanair,FR4545,Porto (OPO),06:45,"En hora, Ha salido",197.0,Boeing 737 MAX 8,R12
458,05/12/2025,easyJet Europe,EC7101,"Basel, Switzerland/Mulhouse (BSL)",07:20,"En hora, Ha salido",156.0,Airbus A319,R15
459,05/12/2025,easyJet Europe,EC7199,Edinburgh (EDI),07:20,"En hora, Ha salido",156.0,Airbus A319,M6
460,05/12/2025,Lauda Europe,LW2889,Palma de Mallorca (PMI),07:40,"En hora, Ha salido",180.0,Airbus A320,S20
461,05/12/2025,Norwegian Air Sweden AOC,D85502,Stockholm (ARN),08:00,"Retrasado, Ha salido 08:12",189.0,Boeing 737-800,S21
462,05/12/2025,Ryanair,FR3976,Dublin (DUB),08:00,"En hora, Ha salido",189.0,Boeing 737-800,W45
463,05/12/2025,Ryanair,FR3185,Rabat (RBA),08:10,"En hora, Ha salido",189.0,Boeing 737-800,Y59
464,05/12/2025,Ryanair,FR6973,Rome (FCO),08:15,"En hora, Ha salido",189.0,Boeing 737-800,R14
465,05/12/2025,easyJet Europe,EC1376,Geneva (GVA),08:40,"En hora, Ha salido",156.0,Airbus A319,R11
466,05/12/2025,Ryanair,FR5752,Valletta (MLA),08:40,"En hora, Ha salido",197.0,Boeing 737 MAX 8,S24
467,05/12/2025,Transavia,TO4751,Paris (ORY),08:45,"En hora, Ha salido",186.0,Airbus A320neo,U31
468,05/12/2025,Ryanair,FR1165,Sevilla (SVQ),09:00,"En hora, Ha salido",189.0,Boeing 737-800,S25
469,05/12/2025,Wizz Air,W62048,Krakow (KRK),09:05,"En hora, Ha salido",239.0,Airbus A321neo,S23
470,05/12/2025,easyJet Europe,EC3737,Milan (MXP),09:10,"En hora, Ha salido",180.0,Airbus A320,R12
471,05/12/2025,Ryanair,FR2834,Charleroi (CRL),09:15,"En hora, Ha salido",197.0,Boeing 737 MAX 8,U36
472,05/12/2025,Air Arabia Maroc,3O374,Casablanca (CMN),09:25,"En hora, Ha salido",174.0,Airbus A320,Y55
473,05/12/2025,Lauda Europe,LW12,Vienna (VIE),09:25,"En hora, Ha salido",180.0,Airbus A320,R13
474,05/12/2025,Wizz Air Malta,W43176,Bucharest (OTP),09:25,"En hora, Ha salido",230.0,Airbus A321,S22
475,05/12/2025,Wizz Air Malta,W45088,Tirana (TIA),09:25,"En hora, Ha salido",230.0,Airbus A321,W44
476,05/12/2025,Wizz Air,W62376,Budapest (BUD),09:25,"En hora, Ha salido",239.0,Airbus A321neo,U33
477,05/12/2025,Ryanair,FR3028,Ibiza (IBZ),09:40,"En hora, Ha salido",189.0,Boeing 737-800,U37
478,05/12/2025,Ryanair,FR3320,Milan (BGY),09:45,"En hora, Ha salido",189.0,Boeing 737-800,U35
479,05/12/2025,Transavia,HV6788,Eindhoven (EIN),09:45,"En hora, Ha salido",189.0,Boeing 737-800,U32
480,05/12/2025,Easyjet,U26654,Birmingham (BHX),09:45,"Retrasado, Ha salido 10:21",186.0,Airbus A320neo,M3
481,05/12/2025,Air Arabia Maroc,3O378,Tanger (TNG),09:50,"En hora, Ha salido",174.0,Airbus A320,Y53
482,05/12/2025,easyJet Europe,EC7656,Lisbon (LIS),09:55,"Retrasado, Ha salido 10:05",230.0,Airbus A321,R10
483,05/12/2025,Air Serbia,JU581,Belgrade (BEG),09:55,"Retrasado, Ha salido 10:51",174.0,Airbus A320,Y57
484,05/12/2025,Ryanair,FR9015,London (STN),10:00,"Retrasado, Ha salido 10:10",197.0,Boeing 737 MAX 8,W42
485,05/12/2025,Wizz Air Malta,W46018,Rome (FCO),10:00,"En hora, Ha salido",239.0,Airbus A321neo,S21
486,05/12/2025,Ryanair,FR6920,Dublin (DUB),10:05,"En hora, Ha salido",197.0,Boeing 737 MAX 8,Y54
487,05/12/2025,Transavia,HV5132,Amsterdam (AMS),10:05,"Retrasado, Ha salido 11:00",232.0,Airbus A321neo,S20
488,05/12/2025,Eurowings,EW7521,Hamburg (HAM),10:10,"En hora, Ha salido",180.0,Airbus A320,S24
489,05/12/2025,Wizz Air,W61476,Warsaw (WAW),10:15,"Retrasado, Ha salido 10:25",239.0,Airbus A321neo,U34
490,05/12/2025,Ryanair,FR2239,Marrakech (RAK),10:20,"Retrasado, Ha salido 10:51",189.0,Boeing 737-800,Y58
491,05/12/2025,Easyjet,U22002,Manchester (MAN),10:25,"Retrasado, Ha salido 11:16",186.0,Airbus A320neo,M1
492,05/12/2025,Easyjet,U22324,London (LTN),10:25,"Retrasado, Ha salido 10:43",186.0,Airbus A320neo,M2
493,05/12/2025,easyJet Europe,EC7131,Nice/Cote D'Azur (NCE),10:30,"En hora, Ha salido",156.0,Airbus A319,R11
494,05/12/2025,Ryanair,FR6267,Edinburgh (EDI),10:30,Retrasado,189.0,Boeing 737-800,W
495,05/12/2025,easyJet Europe,EC4212,Napoli (NAP),10:35,"En hora, Ha salido",180.0,Airbus A320,R12
496,05/12/2025,Transavia,HV6064,Rotterdam (RTM),10:40,"En hora, Ha salido",189.0,Boeing 737-800,U31
497,05/12/2025,Easyjet,U22704,Bristol (BRS),10:50,"En hora, Ha salido",180.0,Airbus A320,M6
498,05/12/2025,Ryanair,FR5270,Manchester (MAN),10:55,"En hora, Ha salido",197.0,Boeing 737 MAX 8,W44
499,05/12/2025,BUZZ,RR8384,Budapest (BUD),11:00,"En hora, Ha salido",189.0,Boeing 737-800,R14
500,05/12/2025,Ryanair,FR3166,Palermo (PMO),11:10,"En hora, Ha salido",189.0,Boeing 737-800,S25
501,05/12/2025,Ryanair,FR269,Milan (MXP),11:20,"En hora, Ha salido",189.0,Boeing 737-800,U36
502,05/12/2025,FLYONE Armenia,3F232,Yerevan (EVN),11:30,"Retrasado, Ha salido 12:02",189.0,Airbus A320,W42
503,05/12/2025,Aer Lingus,EI563,Dublin (DUB),11:35,"En hora, Ha salido",174.0,Airbus A320,W45
504,05/12/2025,Ryanair,FR3121,Beauvais (BVA),11:35,"En hora, Ha salido",197.0,Boeing 737 MAX 8,U33
505,05/12/2025,Lauda Europe,LW2896,Palma de Mallorca (PMI),11:35,"En hora, Ha salido",180.0,Airbus A320,U32
506,05/12/2025,easyJet Europe,EC7141,Strasbourg (SXB),11:45,"En hora, Ha salido",156.0,Airbus A319,R9
507,05/12/2025,BUZZ,RR3049,Krakow (KRK),11:45,"En hora, Ha salido",189.0,Boeing 737-800,S22
508,05/12/2025,Easyjet,U28056,London (LGW),11:45,"En hora, Ha salido",186.0,Airbus A320neo,M3
509,05/12/2025,Icelandair,FI597,Keflavik (KEF),11:50,"Retrasado, Ha salido 12:16",160.0,Boeing 737 MAX 8,U37
510,05/12/2025,Ryanair,FR774,Torino (TRN),11:55,"En hora, Ha salido",189.0,Boeing 737-800,S23
511,05/12/2025,easyJet Europe,EC8064,London (LGW),12:15,"En hora, Ha salido",156.0,Airbus A319,M6
512,05/12/2025,Ryanair,FR4585,Porto (OPO),12:15,"En hora, Ha salido",197.0,Boeing 737 MAX 8,S21
513,05/12/2025,Norwegian Air Sweden AOC,D83657,Copenhagen (CPH),12:30,"Retrasado, Ha salido 12:46",189.0,Boeing 737 MAX 8,S20
514,05/12/2025,Ryanair,FR575,Bologna (BLQ),12:45,"En hora, Ha salido",189.0,Boeing 737-800,R11
515,05/12/2025,Ryanair,FR58,Napoli (NAP),12:45,"Retrasado, Ha salido 12:58",189.0,Boeing 737-800,S24
516,05/12/2025,Pegasus Airlines,PC1092,Istanbul (SAW),12:45,"En hora, Ha salido",239.0,Airbus A321neo,W44
517,05/12/2025,Ryanair,FR6874,Dublin (DUB),12:55,"Retrasado, Ha salido 13:30",197.0,Boeing 737 MAX 8,Y58
518,05/12/2025,Wizz Air,W67022,Bratislava (BTS),12:55,"En hora, Ha salido",239.0,Airbus A321neo,U36
519,05/12/2025,Wizz Air Malta,W46330,Milan (MXP),13:10,Retrasado,239.0,Airbus A321neo,U
520,05/12/2025,HiSky,H4264,Bucharest (OTP),13:20,"En hora, Ha salido",180.0,Airbus A320,R14
521,05/12/2025,Norwegian Air Shuttle,DY1741,Oslo (OSL),13:25,"En hora, Ha salido",189.0,Boeing 737-800,S25
522,05/12/2025,FlyOne,5F5512,Chisinau (KIV),13:30,"Retrasado, Programado 15:00",194.0,Airbus A321,W
523,05/12/2025,Pegasus Airlines,PC1528,Izmir (ADB),13:30,"En hora, Ha salido",180.0,Airbus A320,Y57
524,05/12/2025,Ryanair,FR2922,Brussels (BRU),13:35,"En hora, Ha salido",189.0,Boeing 737-800,U35
525,05/12/2025,Ryanair,FR6078,Ouarzazate (OZZ),13:50,"En hora, Ha salido",189.0,Boeing 737-800,W42
526,05/12/2025,Jet2,LS804,Manchester (MAN),13:50,"En hora, Ha salido",189.0,Boeing 737-800,Y54
527,05/12/2025,Ryanair,FR3180,Rome (FCO),13:55,"En hora, Ha salido",189.0,Boeing 737-800,S22
528,05/12/2025,Air Baltic,BT684,Riga (RIX),14:05,"Retrasado, Programado 14:15",148.0,Airbus A220-300,U33
529,05/12/2025,Azores Airlines,S4507,Ponta Delgada (PDL),14:05,"En hora, Programado",186.0,Airbus A320neo,U34
530,05/12/2025,Turkish Airlines,TK608,Ankara (ESB),14:15,"En hora, Ha salido",197.0,Boeing 737 MAX 8,Y55
531,05/12/2025,easyJet Europe,EC7153,Milan (MXP),14:20,"Retrasado, Programado 14:31",156.0,Airbus A319,R
532,05/12/2025,Lauda Europe,LW7351,Vienna (VIE),14:20,"En hora, Programado",180.0,Airbus A320,U32
533,05/12/2025,Ryanair,FR8215,London (STN),14:35,"En hora, Programado",189.0,Boeing 737-800,Y53
534,05/12/2025,easyJet Europe,EC7107,Geneva (GVA),14:40,"En hora, Programado",156.0,Airbus A319,R10
535,05/12/2025,Ryanair,FR2233,Al Aaroui (NDR),14:40,"En hora, Programado",189.0,Boeing 737-800,W45
536,05/12/2025,Volotea,V71443,Ancona (AOI),14:45,"En hora, Programado",180.0,Airbus A320,S20
537,05/12/2025,Wizz Air,W64406,Sofia (SOF),14:50,"En hora, Programado",239.0,Airbus A321neo,S23
538,05/12/2025,Ryanair,FR2507,Cologne-Bonn (CGN),14:55,"En hora, Programado",189.0,Boeing 737-800,S25
539,05/12/2025,Ryanair,FR867,Venice (VCE),14:55,"En hora, Programado",189.0,Boeing 737-800,U31
540,05/12/2025,SmartWings,QS1059,Prague (PRG),14:55,"En hora, Programado",189.0,Boeing 737-800,S21
541,05/12/2025,Ryanair,FR1342,Palma de Mallorca (PMI),15:00,"En hora, Programado",189.0,Boeing 737-800,U
542,05/12/2025,Ryanair,FR5718,Bratislava (BTS),15:10,"En hora, Ha salido",189.0,Boeing 737-800,R12
543,05/12/2025,Volotea,V73735,Murcia (RMU),15:15,"En hora, Ha salido",156.0,Airbus A319,U36
544,05/12/2025,Ryanair,FR483,Malaga (AGP),15:25,"Retrasado, Ha salido 16:22",197.0,Boeing 737 MAX 8,U35
545,05/12/2025,easyJet Europe,EC7694,Lisbon (LIS),15:30,"Retrasado, Ha salido 15:40",180.0,Airbus A320,R11
546,05/12/2025,Wizz Air,W61412,Warsaw (WMI),15:40,"En hora, Ha salido",239.0,Airbus A321neo,U33
547,05/12/2025,Pegasus Airlines,PC1094,Istanbul (SAW),15:45,"En hora, Ha salido",239.0,Airbus A321neo,Y57
548,05/12/2025,Ryanair,FR9045,London (STN),16:05,"En hora, Ha salido",189.0,Boeing 737-800,Y54
549,05/12/2025,Norwegian Air Sweden AOC,D85510,Copenhagen (CPH),16:15,"En hora, Ha salido",189.0,Boeing 737-800,U37
550,05/12/2025,Ryanair,FR2925,Brussels (BRU),16:15,"Retrasado, Ha salido 17:20",189.0,Boeing 737-800,R13
551,05/12/2025,Ryanair,FR6985,Rome (FCO),16:15,"Retrasado, Ha salido 17:00",189.0,Boeing 737-800,S23
552,05/12/2025,Wizz Air Malta,W43564,Timisoara (TSR),16:25,"En hora, Ha salido",180.0,Airbus A320,U31
553,05/12/2025,Ryanair,FR3129,Ibiza (IBZ),16:45,"Retrasado, Ha salido 17:17",189.0,Boeing 737-800,S22
554,05/12/2025,easyJet Europe,EC7173,Berlin (BER),16:50,"Retrasado, Ha salido 17:06",156.0,Airbus A319,R9
555,05/12/2025,Volotea,V73700,Vitoria (VIT),16:50,"En hora, Ha salido",180.0,Airbus A320,U34
556,05/12/2025,Ryanair,FR878,Venice (VCE),16:55,"En hora, Ha salido",180.0,Airbus A320,R14
557,05/12/2025,Ryanair,FR4587,Porto (OPO),17:05,"En hora, Ha salido",197.0,Boeing 737 MAX 8,S20
558,05/12/2025,Wizz Air,W67920,Kopitnari (KUT),17:15,"En hora, Ha salido",239.0,Airbus A321neo,Y53
559,05/12/2025,Ryanair,FR3076,Stockholm (ARN),17:30,"Retrasado, Ha salido 17:45",197.0,Boeing 737 MAX 8,S21
560,05/12/2025,Volotea,V73573,Asturias (OVD),17:40,"En hora, Ha salido",156.0,Airbus A319,U36
561,05/12/2025,Transavia,HV5134,Amsterdam (AMS),17:45,"En hora, Ha salido",189.0,Boeing 737-800,U33
562,05/12/2025,Ryanair,FR6341,Rome (FCO),18:00,"En hora, Ha salido",189.0,Boeing 737-800,S24
563,05/12/2025,Ryanair,FR6353,Milan (BGY),18:00,"En hora, Ha salido",197.0,Boeing 737 MAX 8,S25
564,05/12/2025,easyJet Europe,EC7205,Southampton (SOU),18:10,"En hora, Ha salido",156.0,Airbus A319,M6
565,05/12/2025,Air Arabia Maroc,3O398,Rabat (RBA),18:30,"Retrasado, Ha salido 18:47",174.0,Airbus A320,Y55
566,05/12/2025,Wizz Air Malta,W43686,Iasi (IAS),18:30,"En hora, Ha salido",180.0,Airbus A320,U34
567,05/12/2025,Ryanair,FR2098,Bologna (BLQ),18:35,"En hora, Ha salido",189.0,Boeing 737-800,U32
568,05/12/2025,easyJet Europe,EC7103,"Basel, Switzerland/Mulhouse (BSL)",18:45,"Retrasado, Ha salido 19:21",156.0,Airbus A319,R12
569,05/12/2025,Ryanair,FR3189,Fes (FEZ),18:50,"Retrasado, Ha salido 19:05",189.0,Boeing 737-800,W45
570,05/12/2025,Wizz Air,W61478,Warsaw (WAW),19:00,"En hora, Ha salido",239.0,Airbus A321neo,U31
571,05/12/2025,easyJet Europe,EC7155,Milan (MXP),19:10,"Retrasado, Ha salido 19:22",156.0,Airbus A319,R10
572,05/12/2025,Ryanair,FR149,Berlin (BER),19:15,"En hora, Ha salido",197.0,Boeing 737 MAX 8,R13
573,05/12/2025,Ryanair,FR3078,Lisbon (LIS),19:20,"En hora, Ha salido",189.0,Boeing 737-800,R11
574,05/12/2025,BUZZ,RR6330,Sofia (SOF),19:20,"En hora, Ha salido",189.0,Boeing 737-800,R14
575,05/12/2025,Ryanair,FR9111,Torino (TRN),19:25,"Retrasado, Ha salido 20:40",197.0,Boeing 737 MAX 8,U33
576,05/12/2025,Volotea,V72165,Nantes/Atlantique (NTE),19:30,"En hora, Ha salido",156.0,Airbus A319,S25
577,05/12/2025,Eurowings,EW9443,Dusseldorf (DUS),19:35,"Retrasado, Ha salido 20:02",239.0,Airbus A321neo,S22
578,05/12/2025,Ryanair,FR2330,Al Aaroui (NDR),19:35,"En hora, Ha salido",189.0,Boeing 737-800,W46
579,05/12/2025,Lauda Europe,LW7362,Vienna (VIE),19:40,"En hora, Ha salido",180.0,Airbus A320,S20
580,05/12/2025,Easyjet,U28058,London (LGW),19:40,"Retrasado, Ha salido 20:11",180.0,Airbus A320,M6
581,05/12/2025,Ryanair,FR6374,Beauvais (BVA),19:45,"En hora, Ha salido",189.0,Boeing 737-800,U36
582,05/12/2025,Eurowings,EW2521,Stuttgart (STR),19:55,"Retrasado, Ha salido 20:11",239.0,Airbus A321neo,S21
583,05/12/2025,Volotea,V71415,Verona (VRN),19:55,"En hora, Ha salido",180.0,Airbus A320,U32
584,05/12/2025,Wizz Air,W64666,Larnaca (LCA),19:55,"En hora, Ha salido",230.0,Airbus A321,W42
585,05/12/2025,Ryanair,FR1527,Valletta (MLA),20:05,"Retrasado, Ha salido 20:38",189.0,Boeing 737-800,S23
586,05/12/2025,Ryanair,FR2402,Sevilla (SVQ),20:10,"En hora, Ha salido",189.0,Boeing 737-800,U35
587,05/12/2025,Ryanair,FR6275,Edinburgh (EDI),20:10,"Retrasado, Ha salido 20:29",197.0,Boeing 737 MAX 8,Y57
588,05/12/2025,Ryanair,FR6305,Milan (BGY),20:10,"Retrasado, Ha salido 20:45",197.0,Boeing 737 MAX 8,R11
589,05/12/2025,Wizz Air,W62096,Krakow (KRK),20:10,"Retrasado, Ha salido 20:24",239.0,Airbus A321neo,S24
590,05/12/2025,easyJet Europe,EC1956,Milan (LIN),20:15,"En hora, Ha salido",180.0,Airbus A320,R9
591,05/12/2025,Wizz Air Malta,W42940,Vienna (VIE),20:20,"En hora, Ha salido",239.0,Airbus A321neo,U34
592,05/12/2025,T'Way Air,TW408,Seoul/Incheon (ICN),20:30,"En hora, Ha salido",246.0,Airbus A330-200,W43
593,05/12/2025,Volotea,V72135,Bordeaux (BOD),20:30,"En hora, Ha salido",180.0,Airbus A320,U31
594,05/12/2025,Ryanair,FR7539,Milan (MXP),20:35,"En hora, Ha salido",189.0,Boeing 737-800,R10
595,05/12/2025,Ryanair,FR8631,Tanger (TNG),20:35,"Retrasado, Ha salido 21:06",189.0,Boeing 737-800,Y54
596,05/12/2025,Air Serbia,JU585,Belgrade (BEG),20:35,"En hora, Ha salido",156.0,Airbus A319,Y53
597,05/12/2025,BUZZ,RR1786,Vilnius (VNO),20:35,"En hora, Ha salido",197.0,Boeing 737 MAX 8,R13
598,05/12/2025,Luxair,LG3592,Luxembourg (LUX),20:40,"En hora, Ha salido",141.0,Boeing 737-700,R12
599,05/12/2025,Wizz Air,W62378,Budapest (BUD),20:45,"Retrasado, Ha salido 21:06",239.0,Airbus A321neo,S20
600,05/12/2025,Ryanair,FR5710,Napoli (NAP),20:50,"Retrasado, Ha salido 21:45",197.0,Boeing 737 MAX 8,U36
601,05/12/2025,Transavia,TO4759,Paris (ORY),20:50,"Retrasado, Ha salido 21:11",186.0,Airbus A320neo,S25
602,05/12/2025,Easyjet,U22326,London (LTN),20:55,"En hora, Ha salido",180.0,Airbus A320,M1
603,05/12/2025,BUZZ,RR8394,Budapest (BUD),21:00,"Retrasado, Ha salido 21:19",189.0,Boeing 737-800,U32
604,05/12/2025,Aer Lingus,EI565,Dublin (DUB),21:05,"En hora, Ha salido",174.0,Airbus A320,W46
605,05/12/2025,Easyjet,U23374,Liverpool (LPL),21:05,"En hora, Ha salido",156.0,Airbus A319,M6
606,05/12/2025,Ryanair,FR3174,Ibiza (IBZ),21:10,"Retrasado, Ha salido 21:24",189.0,Boeing 737-800,S26
607,05/12/2025,easyJet Europe,EC1380,Geneva (GVA),21:15,"Retrasado, Programado 22:04",180.0,Airbus A320,R12
608,05/12/2025,Wizz Air Malta,W43178,Bucharest (BBU),21:20,"En hora, Ha salido",230.0,Airbus A321,S22
609,05/12/2025,Wizz Air Malta,W43406,Cluj-Napoca (CLJ),21:25,"En hora, Ha salido",180.0,Airbus A320,S21
610,05/12/2025,BUZZ,RR6944,Warsaw (WMI),21:30,"En hora, Programado",189.0,Boeing 737-800,U35
611,05/12/2025,Ryanair,FR7808,London (LTN),21:35,"Retrasado, Programado 22:14",197.0,Boeing 737 MAX 8,Y57
612,05/12/2025,Wizz Air Malta,W46020,Rome (FCO),21:35,"Retrasado, Ha salido 21:55",239.0,Airbus A321neo,S23
613,05/12/2025,Ryanair,FR8669,Dublin (DUB),21:40,"En hora, Ha salido",189.0,Boeing 737-800,Y55
614,05/12/2025,Ryanair,FR9811,London (STN),21:40,"En hora, Ha salido",189.0,Boeing 737-800,W44
615,05/12/2025,easyJet Europe,EC7682,Lisbon (LIS),21:45,"En hora, Ha salido",230.0,Airbus A321,R10
616,05/12/2025,Ryanair,FR2495,Palma de Mallorca (PMI),21:45,"Retrasado, Ha salido 22:06",189.0,Boeing 737-800,U31
617,05/12/2025,Ryanair,FR6597,Manchester (MAN),21:45,"En hora, Programado",189.0,Boeing 737-800,W
618,05/12/2025,Ryanair,FR2250,Marrakech (RAK),21:55,"En hora, Ha salido",189.0,Boeing 737-800,Y53
619,05/12/2025,Ryanair,FR3792,Birmingham (BHX),21:55,"En hora, Ha salido",189.0,Boeing 737-800,W45
620,05/12/2025,Wizz Air,W64116,Belgrade (BEG),21:55,"Retrasado, Ha salido 22:17",239.0,Airbus A321neo,Y54
621,05/12/2025,Wizz Air Malta,W46728,Venice (VCE),22:00,"En hora, Ha salido",239.0,Airbus A321neo,U34
622,05/12/2025,Easyjet,U28060,London (LGW),22:15,"Retrasado, Programado 22:32",180.0,Airbus A320,M6
623,05/12/2025,Ryanair,FR3080,Malaga (AGP),22:30,"Retrasado, Programado 23:25",197.0,Boeing 737 MAX 8,U
624,05/12/2025,Wizz Air Malta,W45154,Tirana (TIA),22:45,"En hora, Programado",239.0,Airbus A321neo,Y58
625,05/12/2025,Wizz Air,W61706,Gdansk (GDN),22:50,"Retrasado, Programado 23:24",239.0,Airbus A321neo,U
626,05/12/2025,Ryanair,FR9814,London (STN),23:10,"En hora, Programado",189.0,Boeing 737-800,W
627,06/12/2025,Ryanair,FR846,Milan (BGY),06:00,"En hora, Ha salido",189.0,Boeing 737-800,S22
628,06/12/2025,easyJet Europe,EC7105,Geneva (GVA),06:10,"En hora, Ha salido",156.0,Airbus A319,R12
629,06/12/2025,Ryanair,FR5718,Bratislava (BTS),06:10,"En hora, Ha salido",189.0,Boeing 737-800,S24
630,06/12/2025,Ryanair,FR4545,Porto (OPO),06:15,"Retrasado, Ha salido 06:30",197.0,Boeing 737 MAX 8,U31
631,06/12/2025,Ryanair,FR1342,Palma de Mallorca (PMI),06:20,"Retrasado, Ha salido 06:32",189.0,Boeing 737-800,R11
632,06/12/2025,Ryanair,FR777,Venice (VCE),06:30,"En hora, Ha salido",189.0,Boeing 737-800,U32
633,06/12/2025,Ryanair,FR8217,London (STN),06:55,"En hora, Ha salido",189.0,Boeing 737-800,W42
634,06/12/2025,easyJet Europe,EC7151,Milan (MXP),07:30,"En hora, Ha salido",156.0,Airbus A319,R10
635,06/12/2025,Ryanair,FR2918,Brussels (BRU),08:05,"En hora, Ha salido",189.0,Boeing 737-800,U34
636,06/12/2025,Ryanair,FR3180,Rome (FCO),08:15,"En hora, Ha salido",189.0,Boeing 737-800,U33
637,06/12/2025,Air Arabia Maroc,3O376,Al Aaroui (NDR),08:35,"En hora, Ha salido",180.0,Airbus A320,W44
638,06/12/2025,Ryanair,FR1165,Sevilla (SVQ),08:50,"Retrasado, Ha salido 09:16",189.0,Boeing 737-800,U31
639,06/12/2025,Ryanair,FR575,Bologna (BLQ),08:50,"En hora, Ha salido",189.0,Boeing 737-800,S24
640,06/12/2025,Ryanair,FR3166,Palermo (PMO),09:00,"En hora, Ha salido",189.0,Boeing 737-800,U35
641,06/12/2025,Wizz Air Malta,W43938,Chisinau (KIV),09:00,"En hora, Ha salido",180.0,Airbus A320,W43
642,06/12/2025,Wizz Air,W62048,Krakow (KRK),09:05,"Retrasado, Ha salido 10:01",239.0,Airbus A321neo,S20
643,06/12/2025,Ryanair,FR2834,Charleroi (CRL),09:15,"En hora, Ha salido",189.0,Boeing 737-800,R14
644,06/12/2025,Ryanair,FR133,Berlin (BER),09:20,"En hora, Ha salido",189.0,Boeing 737-800,U34
645,06/12/2025,Ryanair,FR2239,Marrakech (RAK),09:20,"En hora, Ha salido",189.0,Boeing 737-800,Y58
646,06/12/2025,Ryanair,FR3028,Ibiza (IBZ),09:20,"En hora, Ha salido",189.0,Boeing 737-800,R11
647,06/12/2025,Wizz Air,W61914,Vilnius (VNO),09:20,"En hora, Ha salido",239.0,Airbus A321neo,S21
648,06/12/2025,Ryanair,FR2889,Palma de Mallorca (PMI),09:25,"En hora, Ha salido",189.0,Boeing 737-800,U37
649,06/12/2025,Wizz Air Malta,W43176,Bucharest (OTP),09:25,"En hora, Ha salido",239.0,Airbus A321neo,S23
650,06/12/2025,Wizz Air,W62376,Budapest (BUD),09:25,"En hora, Ha salido",239.0,Airbus A321neo,S22
651,06/12/2025,BUZZ,RR3049,Krakow (KRK),09:30,"Retrasado, Ha salido 10:10",189.0,Boeing 737-800,U32
652,06/12/2025,Wizz Air Malta,W42938,Vienna (VIE),09:35,"Retrasado, Ha salido 11:15",230.0,Airbus A321,U31
653,06/12/2025,Air Serbia,JU581,Belgrade (BEG),09:55,"En hora, Ha salido",156.0,Airbus A319,W45
654,06/12/2025,Ryanair,FR3143,Milan (BGY),10:00,"En hora, Ha salido",189.0,Boeing 737-800,R13
655,06/12/2025,Ryanair,FR6559,Liverpool (LPL),10:00,"En hora, Ha salido",189.0,Boeing 737-800,W42
656,06/12/2025,Wizz Air Malta,W46018,Rome (FCO),10:00,"En hora, Ha salido",239.0,Airbus A321neo,U33
657,06/12/2025,Transavia,HV5132,Amsterdam (AMS),10:05,"En hora, Ha salido",232.0,Airbus A321neo,R12
658,06/12/2025,Wizz Air,W61812,Wrocław (WRO),10:10,"En hora, Ha salido",239.0,Airbus A321neo,S25
659,06/12/2025,Wizz Air,W61476,Warsaw (WAW),10:15,"En hora, Ha salido",239.0,Airbus A321neo,U35
660,06/12/2025,easyJet Europe,EC7656,Lisbon (LIS),10:20,"En hora, Ha salido",230.0,Airbus A321,R10
661,06/12/2025,Ryanair,FR9171,Stockholm (ARN),10:20,"Retrasado, Ha salido 10:30",197.0,Boeing 737 MAX 8,S22
662,06/12/2025,Easyjet,U22326,London (LTN),10:20,"En hora, Ha salido",186.0,Airbus A320neo,M6
663,06/12/2025,Ryanair,FR3168,Newcastle (NCL),10:25,"En hora, Ha salido",189.0,Boeing 737-800,Y53
664,06/12/2025,Ryanair,FR9307,Cork (ORK),10:30,"En hora, Ha salido",197.0,Boeing 737 MAX 8,W43
665,06/12/2025,Lauda Europe,LW12,Vienna (VIE),10:30,"En hora, Ha salido",180.0,Airbus A320,U34
666,06/12/2025,Easyjet,U28056,London (LGW),10:35,"En hora, Ha salido",180.0,Airbus A320,M1
667,06/12/2025,Azerbaijan Airlines,J246,Baku (GYD),10:45,"En hora, Ha salido",186.0,Airbus A320neo,W46
668,06/12/2025,SkyUp MT,U5406,Chisinau (KIV),10:50,"Retrasado, Ha salido 12:02",141.0,Boeing 737-700,Y54
669,06/12/2025,Easyjet,U22704,Bristol (BRS),10:55,"En hora, Ha salido",186.0,Airbus A320neo,M3
670,06/12/2025,Ryanair,FR6394,Dublin (DUB),11:00,"En hora, Ha salido",197.0,Boeing 737 MAX 8,Y59
671,06/12/2025,Ryanair,FR4597,Porto (OPO),11:20,"Retrasado, Ha salido 12:40",197.0,Boeing 737 MAX 8,U41
672,06/12/2025,easyJet Europe,EC7193,Leeds Bradford (LBA),11:30,"En hora, Ha salido",156.0,Airbus A319,M6
673,06/12/2025,Aer Lingus,EI563,Dublin (DUB),11:30,"En hora, Ha salido",174.0,Airbus A320,W45
674,06/12/2025,Ryanair,FR2507,Cologne-Bonn (CGN),11:55,"En hora, Ha salido",180.0,Airbus A320,U37
675,06/12/2025,Ryanair,FR2896,Palma de Mallorca (PMI),12:00,"En hora, Ha salido",189.0,Boeing 737-800,U33
676,06/12/2025,Ryanair,FR3108,Luxembourg (LUX),12:05,"En hora, Ha salido",189.0,Boeing 737-800,R13
677,06/12/2025,easyJet Europe,EC8064,London (LGW),12:10,"En hora, Ha salido",156.0,Airbus A319,M3
678,06/12/2025,Ryanair,FR8231,London (STN),12:25,"En hora, Ha salido",189.0,Boeing 737-800,W42
679,06/12/2025,Ryanair,FR3320,Milan (BGY),12:30,"En hora, Ha salido",197.0,Boeing 737 MAX 8,S21
680,06/12/2025,Ryanair,FR6341,Rome (FCO),12:30,"En hora, Ha salido",189.0,Boeing 737-800,S23
681,06/12/2025,Norwegian Air Sweden AOC,D85544,Rovaniemi (RVN),12:45,"En hora, Ha salido",189.0,Boeing 737-800,U37
682,06/12/2025,Pegasus Airlines,PC1092,Istanbul (SAW),12:45,"En hora, Ha salido",239.0,Airbus A321neo,W46
683,06/12/2025,Wizz Air,W67022,Bratislava (BTS),12:55,"En hora, Ha salido",239.0,Airbus A321neo,U32
684,06/12/2025,Ryanair,FR483,Malaga (AGP),13:05,"Retrasado, Ha salido 13:27",189.0,Boeing 737-800,U31
685,06/12/2025,Boliviana de Aviacion,OB775,Santa Cruz (VVI),13:10,"Retrasado, Programado 13:55",246.0,Airbus A330-200,Y56
686,06/12/2025,Wizz Air Malta,W46330,Milan (MXP),13:10,"En hora, Ha salido",239.0,Airbus A321neo,S25
687,06/12/2025,easyJet Europe,EC7101,"Basel, Switzerland/Mulhouse (BSL)",13:20,"En hora, Ha salido",156.0,Airbus A319,R9
688,06/12/2025,Ryanair,FR7808,London (LTN),13:20,"En hora, Ha salido",197.0,Boeing 737 MAX 8,W45
689,06/12/2025,Ryanair UK,RK6597,Manchester (MAN),13:25,"En hora, Ha salido",189.0,Boeing 737-800,Y53
690,06/12/2025,Ryanair,FR2098,Bologna (BLQ),13:30,"En hora, Ha salido",189.0,Boeing 737-800,S20
691,06/12/2025,Air Arabia Maroc,3O378,Tanger (TNG),13:35,"En hora, Ha salido",180.0,Airbus A320,Y54
692,06/12/2025,easyJet Europe,EC7153,Milan (MXP),13:35,"En hora, Ha salido",156.0,Airbus A319,R15
693,06/12/2025,Ryanair,FR1681,Frankfurt-Hahn (HHN),14:00,"En hora, Ha salido",189.0,Boeing 737-800,U33
694,06/12/2025,Ryanair,FR8631,Tanger (TNG),14:00,"En hora, Programado",189.0,Boeing 737-800,Y57
695,06/12/2025,Air Baltic,BT684,Riga (RIX),14:05,"En hora, Programado",148.0,Airbus A220-300,S21
696,06/12/2025,Ryanair,FR58,Napoli (NAP),14:15,"En hora, Programado",189.0,Boeing 737-800,U35
697,06/12/2025,Kuwait Airways,KU136,Kuwait City (KWI),14:25,"En hora, Programado",235.0,Airbus A330-800,W44
698,06/12/2025,Ryanair,FR3070,Palma De Mallorca (PMI),14:40,En hora,189.0,Boeing 737-800,S
699,06/12/2025,Ryanair,FR774,Torino (TRN),14:45,"En hora, Programado",189.0,Boeing 737-800,S22
700,06/12/2025,Ryanair,FR3121,Beauvais (BVA),14:50,"En hora, Programado",189.0,Boeing 737-800,U37
701,06/12/2025,Turkish Airlines,TK608,Ankara (ESB),14:50,"En hora, Programado",151.0,Boeing 737 MAX 8,W46
702,06/12/2025,Ryanair,FR6300,Sofia (SOF),14:55,"En hora, Programado",189.0,Boeing 737-800,R14
703,06/12/2025,Ryanair,FR3189,Fes (FEZ),15:30,"Retrasado, Ha salido 15:40",189.0,Boeing 737-800,W42
704,06/12/2025,Ryanair,FR3807,Charleroi (CRL),16:05,"En hora, Ha salido",197.0,Boeing 737 MAX 8,U32
705,06/12/2025,BUZZ,RR8384,Budapest (BUD),16:10,"En hora, Ha salido",189.0,Boeing 737-800,R13
706,06/12/2025,Ryanair,FR7543,Manchester (MAN),16:20,"En hora, Ha salido",189.0,Boeing 737-800,W45
707,06/12/2025,Ryanair,FR3146,Oujda (OUD),16:45,"Retrasado, Ha salido 16:55",189.0,Boeing 737-800,W50
708,06/12/2025,Wizz Air Malta,W46728,Venice (VCE),16:45,"En hora, Ha salido",230.0,Airbus A321,S23
709,06/12/2025,Ryanair,FR269,Milan (MXP),16:50,"En hora, Ha salido",189.0,Boeing 737-800,U31
710,06/12/2025,Ryanair,FR2406,Sevilla (SVQ),17:00,"Retrasado, Ha salido 17:18",197.0,Boeing 737 MAX 8,U34
711,06/12/2025,Ryanair,FR9015,London (STN),17:00,"Retrasado, Ha salido 17:13",197.0,Boeing 737 MAX 8,Y59
712,06/12/2025,Ryanair,FR5752,Valletta (MLA),17:10,"En hora, Ha salido",197.0,Boeing 737 MAX 8,U33
713,06/12/2025,Ryanair,FR6874,Dublin (DUB),17:40,"En hora, Ha salido",189.0,Boeing 737-800,W42
714,06/12/2025,Wizz Air Malta,W43180,Bucharest (OTP),17:40,"En hora, Ha salido",230.0,Airbus A321,S24
715,06/12/2025,Ryanair,FR2233,Al Aaroui (NDR),17:50,"En hora, Ha salido",189.0,Boeing 737-800,Y53
716,06/12/2025,Ryanair,FR2925,Brussels (BRU),17:50,"En hora, Ha salido",197.0,Boeing 737 MAX 8,U32
717,06/12/2025,easyJet Europe,EC8066,London (LGW),17:55,"En hora, Ha salido",156.0,Airbus A319,M6
718,06/12/2025,Ryanair,FR6353,Milan (BGY),17:55,"En hora, Ha salido",197.0,Boeing 737 MAX 8,S25
719,06/12/2025,Bluebird Airways,BZ251,Tel Aviv (TLV),18:00,"Retrasado, Ha salido 18:25",189.0,Boeing 737-800,Y59
720,06/12/2025,easyJet Europe,EC7103,"Basel, Switzerland/Mulhouse (BSL)",18:00,"En hora, Ha salido",156.0,Airbus A319,R11
721,06/12/2025,Ryanair,FR878,Venice (VCE),18:15,"En hora, Ha salido",189.0,Boeing 737-800,S22
722,06/12/2025,Transavia,HV5134,Amsterdam (AMS),18:15,"En hora, Ha salido",189.0,Boeing 737-800,U35
723,06/12/2025,Ryanair,FR3035,Krakow (KRK),18:20,"En hora, Ha salido",197.0,Boeing 737 MAX 8,S20
724,06/12/2025,Ryanair,FR3792,Birmingham (BHX),18:55,"En hora, Ha salido",197.0,Boeing 737 MAX 8,Y57
725,06/12/2025,Wizz Air,W61176,Katowice (KTW),18:55,"En hora, Ha salido",239.0,Airbus A321neo,U33
726,06/12/2025,Wizz Air,W61478,Warsaw (WAW),19:00,"En hora, Ha salido",239.0,Airbus A321neo,S23
727,06/12/2025,Ryanair,FR9045,London (STN),19:05,"En hora, Ha salido",189.0,Boeing 737-800,W42
728,06/12/2025,Ryanair,FR5270,Manchester (MAN),19:20,"En hora, Ha salido",189.0,Boeing 737-800,W45
729,06/12/2025,Volotea,V72327,Strasbourg (SXB),19:20,"Retrasado, Ha salido 19:43",180.0,Airbus A320,R13
730,06/12/2025,Transavia,TO4757,Paris (ORY),19:25,"Retrasado, Ha salido 19:37",186.0,Airbus A320neo,R14
731,06/12/2025,Ryanair,FR149,Berlin (BER),19:35,"Retrasado, Ha salido 19:59",197.0,Boeing 737 MAX 8,U32
732,06/12/2025,Wizz Air,W64406,Sofia (SOF),19:35,"En hora, Ha salido",239.0,Airbus A321neo,U34
733,06/12/2025,Air Baltic,BT878,Tallinn (TLL),19:40,"En hora, Ha salido",148.0,Airbus A220-300,S20
734,06/12/2025,Ryanair,FR3078,Lisbon (LIS),19:55,"En hora, Ha salido",189.0,Boeing 737-800,S24
735,06/12/2025,Volotea,V71415,Verona (VRN),19:55,"En hora, Ha salido",180.0,Airbus A320,U31
736,06/12/2025,Lauda Europe,LW7351,Vienna (VIE),20:05,"En hora, Ha salido",180.0,Airbus A320,U35
737,06/12/2025,easyJet Europe,EC1380,Geneva (GVA),20:10,"En hora, Ha salido",180.0,Airbus A320,R11
738,06/12/2025,Ryanair,FR867,Venice (VCE),20:20,"En hora, Ha salido",189.0,Boeing 737-800,U33
739,06/12/2025,Ryanair,FR9581,Sevilla (SVQ),20:25,"En hora, Ha salido",189.0,Boeing 737-800,R12
740,06/12/2025,T'Way Air,TW408,Seoul/Incheon (ICN),20:30,"En hora, Ha salido",294.0,BOEING 777-300ER,W43
741,06/12/2025,Ryanair,FR3182,Malaga (AGP),20:45,"Retrasado, Ha salido 21:02",189.0,Boeing 737-800,U36
742,06/12/2025,Ryanair,FR3928,Trieste (TRS),20:45,"En hora, Ha salido",189.0,Boeing 737-800,R13
743,06/12/2025,Transavia,TO4759,Paris (ORY),20:45,"Retrasado, Ha salido 21:31",186.0,Airbus A320neo,S22
744,06/12/2025,Wizz Air,W62378,Budapest (BUD),20:45,"En hora, Ha salido",239.0,Airbus A321neo,S23
745,06/12/2025,Ryanair,FR4585,Porto (OPO),20:50,"Retrasado, Ha salido 21:12",197.0,Boeing 737 MAX 8,U34
746,06/12/2025,Ryanair,FR6267,Edinburgh (EDI),20:55,"En hora, Ha salido",189.0,Boeing 737-800,W45
747,06/12/2025,Wizz Air Malta,W43178,Bucharest (BBU),21:20,"Retrasado, Programado 22:50",230.0,Airbus A321,S23
748,06/12/2025,Wizz Air Malta,W43406,Cluj-Napoca (CLJ),21:25,"En hora, Ha salido",180.0,Airbus A320,S25
749,06/12/2025,Ryanair,FR5220,Bologna (BLQ),21:30,"En hora, Ha salido",189.0,Boeing 737-800,U35
750,06/12/2025,BUZZ,RR3039,Prague (PRG),21:35,"Retrasado, Ha salido 21:52",189.0,Boeing 737-800,S24
751,06/12/2025,Wizz Air Malta,W46020,Rome (FCO),21:35,"Retrasado, Ha salido 21:45",239.0,Airbus A321neo,S20
752,06/12/2025,Ryanair,FR3800,Birmingham (BHX),21:55,"En hora, Ha salido",189.0,Boeing 737-800,Y58
753,06/12/2025,Ryanair,FR8574,Rome (FCO),22:10,"En hora, Programado",189.0,Boeing 737-800,U32
754,06/12/2025,Wizz Air,W64116,Belgrade (BEG),22:10,"En hora, Ha salido",230.0,Airbus A321,W43
755,06/12/2025,Air Arabia Maroc,3O642,Tanger (TNG),22:15,"En hora, Ha salido",180.0,Airbus A320,Y55
756,07/12/2025,Ryanair,FR3180,Rome (FCO),06:00,"En hora, Ha salido",189.0,Boeing 737-800,U36
757,07/12/2025,Ryanair,FR2834,Charleroi (CRL),06:10,"En hora, Ha salido",197.0,Boeing 737 MAX 8,S22
758,07/12/2025,Ryanair,FR2918,Brussels (BRU),06:25,"Retrasado, Ha salido 08:00",189.0,Boeing 737-800,U37
759,07/12/2025,Ryanair,FR4084,Warsaw (WMI),06:25,"En hora, Ha salido",189.0,Boeing 737-800,U34
760,07/12/2025,Ryanair,FR2239,Marrakech (RAK),06:30,"En hora, Ha salido",189.0,Boeing 737-800,Y54
761,07/12/2025,Ryanair,FR2507,Cologne-Bonn (CGN),06:40,"En hora, Ha salido",189.0,Boeing 737-800,S23
762,07/12/2025,easyJet Europe,EC7101,"Basel, Switzerland/Mulhouse (BSL)",06:50,"En hora, Ha salido",156.0,Airbus A319,R9
763,07/12/2025,easyJet Europe,EC7191,Glasgow (GLA),07:20,"En hora, Ha salido",156.0,Airbus A319,M6
764,07/12/2025,easyJet Europe,EC8064,London (LGW),07:20,"En hora, Ha salido",156.0,Airbus A319,M3
765,07/12/2025,Ryanair,FR6597,Manchester (MAN),07:30,"En hora, Ha salido",189.0,Boeing 737-800,W43
766,07/12/2025,Ryanair,FR3108,Luxembourg (LUX),07:35,"En hora, Ha salido",189.0,Boeing 737-800,U41
767,07/12/2025,Ryanair,FR1165,Sevilla (SVQ),07:50,"En hora, Ha salido",189.0,Boeing 737-800,U33
768,07/12/2025,Norwegian Air Sweden AOC,D85510,Copenhagen (CPH),07:55,"En hora, Ha salido",189.0,Boeing 737-800,R11
769,07/12/2025,easyJet Europe,EC7131,Nice/Cote D'Azur (NCE),08:00,"En hora, Ha salido",156.0,Airbus A319,R12
770,07/12/2025,easyJet Europe,EC3754,Milan (MXP),08:25,"En hora, Ha salido",180.0,Airbus A320,R9
771,07/12/2025,Ryanair,FR878,Venice (VCE),08:30,"Retrasado, Ha salido 09:40",189.0,Boeing 737-800,U35
772,07/12/2025,easyJet Europe,EC1376,Geneva (GVA),08:35,"En hora, Ha salido",156.0,Airbus A319,R13
773,07/12/2025,Volotea,V73735,Murcia (RMU),08:40,"En hora, Ha salido",180.0,Airbus A320,R14
774,07/12/2025,BUZZ,RR1786,Vilnius (VNO),09:00,"En hora, Ha salido",197.0,Boeing 737 MAX 8,S25
775,07/12/2025,Ryanair,FR3028,Ibiza (IBZ),09:05,"En hora, Ha salido",197.0,Boeing 737 MAX 8,S24
776,07/12/2025,Wizz Air,W62048,Krakow (KRK),09:05,"En hora, Ha salido",239.0,Airbus A321neo,U31
777,07/12/2025,BUZZ,RR3193,Riga (RIX),09:10,"En hora, Ha salido",189.0,Boeing 737-800,S20
778,07/12/2025,Eurowings,EW7521,Hamburg (HAM),09:25,"En hora, Ha salido",156.0,Airbus A319,U32
779,07/12/2025,Wizz Air Malta,W43176,Bucharest (OTP),09:25,"En hora, Ha salido",230.0,Airbus A321,U33
780,07/12/2025,Wizz Air Malta,W45088,Tirana (TIA),09:25,"En hora, Ha salido",239.0,Airbus A321neo,W45
781,07/12/2025,Wizz Air,W62376,Budapest (BUD),09:25,"En hora, Ha salido",239.0,Airbus A321neo,S22
782,07/12/2025,Ryanair,FR4545,Porto (OPO),09:35,"En hora, Ha salido",189.0,Boeing 737-800,S23
783,07/12/2025,Wizz Air Malta,W42938,Vienna (VIE),09:35,"En hora, Ha salido",239.0,Airbus A321neo,U36
784,07/12/2025,easyJet Europe,EC7656,Lisbon (LIS),09:45,"En hora, Ha salido",230.0,Airbus A321,R10
785,07/12/2025,BUZZ,RR333,Gdansk (GDN),09:45,"En hora, Ha salido",189.0,Boeing 737-800,U34
786,07/12/2025,BUZZ,RR8384,Budapest (BUD),09:45,"En hora, Ha salido",197.0,Boeing 737 MAX 8,R12
787,07/12/2025,Ryanair,FR2495,Palma de Mallorca (PMI),09:50,"En hora, Ha salido",189.0,Boeing 737-800,R14
788,07/12/2025,Ryanair,FR9593,Tanger (TNG),09:50,"Retrasado, Ha salido 10:08",189.0,Boeing 737-800,Y57
789,07/12/2025,Ryanair,FR6341,Rome (FCO),09:55,"En hora, Ha salido",189.0,Boeing 737-800,U37
790,07/12/2025,BUZZ,RR3049,Krakow (KRK),09:55,"Retrasado, Ha salido 10:30",197.0,Boeing 737 MAX 8,R11
791,07/12/2025,Ryanair,FR8231,London (STN),10:00,"En hora, Ha salido",189.0,Boeing 737-800,W43
792,07/12/2025,Wizz Air Malta,W46018,Rome (FCO),10:00,"En hora, Ha salido",239.0,Airbus A321neo,R13
793,07/12/2025,Ryanair,FR6874,Dublin (DUB),10:05,"En hora, Ha salido",197.0,Boeing 737 MAX 8,W44
794,07/12/2025,Lauda Europe,LW7351,Vienna (VIE),10:10,"En hora, Ha salido",180.0,Airbus A320,S25
795,07/12/2025,Wizz Air,W61812,Wrocław (WRO),10:10,"En hora, Ha salido",239.0,Airbus A321neo,S21
796,07/12/2025,Wizz Air,W61476,Warsaw (WAW),10:15,"Retrasado, Ha salido 10:31",239.0,Airbus A321neo,U31
797,07/12/2025,Ryanair,FR575,Bologna (BLQ),10:20,"Retrasado, Ha salido 10:33",189.0,Boeing 737-800,S20
798,07/12/2025,Easyjet,U22324,London (LTN),10:25,"En hora, Ha salido",156.0,Airbus A319,M6
799,07/12/2025,Ryanair,FR6267,Edinburgh (EDI),10:30,"En hora, Ha salido",189.0,Boeing 737-800,Y55
800,07/12/2025,Ryanair,FR7543,Manchester (MAN),10:40,"En hora, Ha salido",197.0,Boeing 737 MAX 8,W46
801,07/12/2025,Ryanair,FR1279,Copenhagen (CPH),10:45,"En hora, Ha salido",189.0,Boeing 737-800,U37
802,07/12/2025,Ryanair,FR3143,Milan (BGY),10:45,"En hora, Ha salido",197.0,Boeing 737 MAX 8,S22
803,07/12/2025,Azerbaijan Airlines,J246,Baku (GYD),10:45,"Retrasado, Ha salido 11:38",156.0,Airbus A319,Y58
804,07/12/2025,Ryanair,FR3166,Palermo (PMO),11:00,"En hora, Ha salido",189.0,Boeing 737-800,R12
805,07/12/2025,Easyjet,U22002,Manchester (MAN),11:10,"En hora, Ha salido",180.0,Airbus A320,M3
806,07/12/2025,Norwegian Air Shuttle,DY1741,Oslo (OSL),11:15,"Retrasado, Ha salido 11:28",189.0,Boeing 737 MAX 8,U33
807,07/12/2025,Aer Lingus,EI563,Dublin (DUB),11:30,"En hora, Ha salido",186.0,Airbus A320neo,Y53
808,07/12/2025,easyJet Europe,EC7139,Rennes/Saint-Jacques (RNS),11:45,"En hora, Ha salido",156.0,Airbus A319,R10
809,07/12/2025,Icelandair,FI597,Keflavik (KEF),11:50,"Retrasado, Ha salido 12:06",197.0,Boeing 737 MAX 8,U37
810,07/12/2025,Lauda Europe,LW2889,Palma de Mallorca (PMI),11:55,"En hora, Ha salido",180.0,Airbus A320,S21
811,07/12/2025,Volotea,V72327,Strasbourg (SXB),11:55,"En hora, Ha salido",156.0,Airbus A319,S24
812,07/12/2025,Ryanair,FR8217,London (STN),12:00,"En hora, Ha salido",197.0,Boeing 737 MAX 8,W43
813,07/12/2025,Ryanair,FR3129,Ibiza (IBZ),12:05,"En hora, Ha salido",189.0,Boeing 737-800,S23
814,07/12/2025,Ryanair,FR3976,Dublin (DUB),12:25,"En hora, Ha salido",197.0,Boeing 737 MAX 8,W42
815,07/12/2025,Ryanair,FR1527,Valletta (MLA),12:30,"En hora, Ha salido",189.0,Boeing 737-800,U32
816,07/12/2025,Ryanair,FR2402,Sevilla (SVQ),12:30,"En hora, Ha salido",189.0,Boeing 737-800,S25
817,07/12/2025,Volotea,V72167,Lille/Lesquin (LIL),12:35,"En hora, Ha salido",180.0,Airbus A320,R14
818,07/12/2025,Ryanair,FR6300,Sofia (SOF),12:45,"En hora, Ha salido",189.0,Boeing 737-800,U34
819,07/12/2025,Pegasus Airlines,PC1092,Istanbul (SAW),12:45,"En hora, Ha salido",239.0,Airbus A321neo,W45
820,07/12/2025,Ryanair,FR2511,Cologne-Bonn (CGN),12:55,"En hora, Ha salido",189.0,Boeing 737-800,U31
821,07/12/2025,Ryanair,FR8598,Reggio Calabria (REG),13:05,"En hora, Ha salido",189.0,Boeing 737-800,U33
822,07/12/2025,Volotea,V71445,Olbia (OLB),13:05,"En hora, Ha salido",180.0,Airbus A320,R13
823,07/12/2025,Wizz Air Malta,W46330,Milan (MXP),13:10,"Retrasado, Ha salido 13:34",239.0,Airbus A321neo,S20
824,07/12/2025,Ryanair,FR3121,Beauvais (BVA),13:20,"Retrasado, Ha salido 13:34",189.0,Boeing 737-800,U36
825,07/12/2025,Easyjet,U28056,London (LGW),13:25,"En hora, Ha salido",156.0,Airbus A319,M6
826,07/12/2025,Pegasus Airlines,PC1528,Izmir (ADB),13:30,"En hora, Ha salido",180.0,Airbus A320,W44
827,07/12/2025,easyJet Europe,EC1380,Geneva (GVA),13:40,"Retrasado, Programado 13:50",180.0,Airbus A320,R12
828,07/12/2025,Ryanair,FR9811,London (STN),13:40,"En hora, Ha salido",189.0,Boeing 737-800,W43
829,07/12/2025,Ryanair,FR483,Malaga (AGP),13:50,"En hora, Programado",189.0,Boeing 737-800,R14
830,07/12/2025,Air Baltic,BT684,Riga (RIX),14:05,"En hora, Programado",149.0,Airbus A220-300,S24
831,07/12/2025,easyJet Europe,EC7153,Milan (MXP),14:05,"En hora, Programado",156.0,Airbus A319,R9
832,07/12/2025,Ryanair,FR1342,Palma de Mallorca (PMI),14:05,"En hora, Programado",189.0,Boeing 737-800,S21
833,07/12/2025,Ryanair,FR6920,Dublin (DUB),14:05,"En hora, Programado",197.0,Boeing 737 MAX 8,Y57
834,07/12/2025,Ryanair,FR4585,Porto (OPO),14:10,"En hora, Programado",197.0,Boeing 737 MAX 8,U35
835,07/12/2025,SunExpress,XQ895,Izmir (ADB),14:15,"En hora, Programado",189.0,Boeing 737-800,W46
836,07/12/2025,Transavia,HV5132,Amsterdam (AMS),14:20,"En hora, Programado",189.0,Boeing 737-800,S22
837,07/12/2025,easyJet Europe,EC7107,Geneva (GVA),14:25,"En hora, Programado",156.0,Airbus A319,R13
838,07/12/2025,Ryanair,FR6973,Rome (FCO),14:25,"En hora, Programado",189.0,Boeing 737-800,S23
839,07/12/2025,Norwegian Air Sweden AOC,D85502,Stockholm (ARN),14:40,"En hora, Programado",189.0,Boeing 737-800,U
840,07/12/2025,Bluebird Airways,BZ251,Tel Aviv (TLV),14:45,"En hora, Programado",189.0,Boeing 737-800,Y
841,07/12/2025,SmartWings,QS1059,Prague (PRG),14:55,"En hora, Programado",149.0,Airbus A220-300,U
842,07/12/2025,Ryanair,FR3320,Milan (BGY),15:00,"En hora, Ha salido",189.0,Boeing 737-800,U32
843,07/12/2025,Ryanair,FR774,Torino (TRN),15:15,"En hora, Ha salido",189.0,Boeing 737-800,S20
844,07/12/2025,BUZZ,RR3072,Prague (PRG),15:15,"En hora, Ha salido",189.0,Boeing 737-800,S25
845,07/12/2025,Transavia,TO4755,Paris (ORY),15:15,"En hora, Ha salido",186.0,Airbus A320neo,U31
846,07/12/2025,easyJet Europe,EC7694,Lisbon (LIS),15:20,"En hora, Ha salido",180.0,Airbus A320,R12
847,07/12/2025,Wizz Air,W61412,Warsaw (WMI),15:25,"En hora, Ha salido",239.0,Airbus A321neo,U35
848,07/12/2025,Ryanair,FR269,Milan (MXP),15:30,"En hora, Ha salido",197.0,Boeing 737 MAX 8,U33
849,07/12/2025,Air Arabia Maroc,3O378,Tanger (TNG),15:35,"En hora, Ha salido",174.0,Airbus A320,Y55
850,07/12/2025,Ryanair,FR133,Berlin (BER),16:15,"En hora, Ha salido",189.0,Boeing 737-800,S21
851,07/12/2025,Ryanair,FR2922,Brussels (BRU),16:15,"En hora, Ha salido",189.0,Boeing 737-800,S23
852,07/12/2025,easyJet Europe,EC7173,Berlin (BER),16:30,"En hora, Ha salido",156.0,Airbus A319,R10
853,07/12/2025,Ryanair,FR9814,London (STN),16:40,"En hora, Ha salido",189.0,Boeing 737-800,W44
854,07/12/2025,Ryanair,FR8669,Dublin (DUB),16:55,"En hora, Ha salido",189.0,Boeing 737-800,W42
855,07/12/2025,Air Arabia Maroc,3O374,Casablanca (CMN),17:00,"En hora, Ha salido",174.0,Airbus A320,Y55
856,07/12/2025,Ryanair,FR2250,Marrakech (RAK),17:00,"En hora, Ha salido",189.0,Boeing 737-800,Y57
857,07/12/2025,BUZZ,RR8394,Budapest (BUD),17:15,"En hora, Ha salido",197.0,Boeing 737 MAX 8,U36
858,07/12/2025,Ryanair,FR5718,Bratislava (BTS),17:20,"En hora, Ha salido",189.0,Boeing 737-800,U34
859,07/12/2025,Ryanair,FR12,Vienna (VIE),17:40,"En hora, Ha salido",189.0,Boeing 737-800,S24
860,07/12/2025,Volotea,V73573,Asturias (OVD),17:40,"En hora, Ha salido",156.0,Airbus A319,S23
861,07/12/2025,BUZZ,RR5252,Krakow (KRK),17:50,"Retrasado, Ha salido 19:37",189.0,Boeing 737-800,U31
862,07/12/2025,Ryanair,FR1681,Frankfurt-Hahn (HHN),18:00,"En hora, Ha salido",189.0,Boeing 737-800,U33
863,07/12/2025,Ryanair,FR777,Venice (VCE),18:00,"En hora, Ha salido",197.0,Boeing 737 MAX 8,S22
864,07/12/2025,Ryanair,FR6305,Milan (BGY),18:05,"En hora, Ha salido",189.0,Boeing 737-800,S20
865,07/12/2025,easyJet Europe,EC7109,Geneva (GVA),18:15,"En hora, Ha salido",156.0,Airbus A319,R9
866,07/12/2025,Volotea,V73700,Vitoria (VIT),18:20,"En hora, Ha salido",180.0,Airbus A320,S25
867,07/12/2025,Ryanair,FR2406,Sevilla (SVQ),18:30,"En hora, Ha salido",189.0,Boeing 737-800,S21
868,07/12/2025,Wizz Air Malta,W43686,Iasi (IAS),18:30,"En hora, Ha salido",180.0,Airbus A320,U32
869,07/12/2025,Jet2,LS804,Manchester (MAN),18:35,"En hora, Ha salido",189.0,Boeing 737-800,W45
870,07/12/2025,easyJet Europe,EC7103,"Basel, Switzerland/Mulhouse (BSL)",18:45,"En hora, Ha salido",156.0,Airbus A319,R12
871,07/12/2025,Ryanair,FR8631,Tanger (TNG),18:45,"Retrasado, Ha salido 18:57",189.0,Boeing 737-800,Y53
872,07/12/2025,Transavia,HV6066,Rotterdam (RTM),18:50,"En hora, Ha salido",189.0,Boeing 737-800,U35
873,07/12/2025,Easyjet,U25716,Southend (SEN),18:55,"Retrasado, Ha salido 19:20",186.0,Airbus A320neo,M6
874,07/12/2025,Wizz Air,W61176,Katowice (KTW),18:55,"En hora, Ha salido",180.0,Airbus A320,R14
875,07/12/2025,Wizz Air,W61478,Warsaw (WAW),19:00,"En hora, Ha salido",239.0,Airbus A321neo,U34
876,07/12/2025,easyJet Europe,EC7159,Milan (LIN),19:05,"En hora, Ha salido",156.0,Airbus A319,R10
877,07/12/2025,Wizz Air Malta,W43180,Bucharest (OTP),19:05,"Retrasado, Ha salido 19:18",230.0,Airbus A321,R13
878,07/12/2025,Ryanair,FR6394,Dublin (DUB),19:10,"Retrasado, Ha salido 19:30",197.0,Boeing 737 MAX 8,Y57
879,07/12/2025,Ryanair,FR3160,Bristol (BRS),19:25,"En hora, Ha salido",189.0,Boeing 737-800,W42
880,07/12/2025,Volotea,V72165,Nantes/Atlantique (NTE),19:30,"En hora, Ha salido",156.0,Airbus A319,S22
881,07/12/2025,Wizz Air,W64406,Sofia (SOF),19:35,"En hora, Ha salido",239.0,Airbus A321neo,S20
882,07/12/2025,Ryanair,FR2233,Al Aaroui (NDR),19:40,"En hora, Programado",189.0,Boeing 737-800,Y
883,07/12/2025,easyJet Europe,EC3750,Milan (MXP),19:45,"En hora, Ha salido",180.0,Airbus A320,R11
884,07/12/2025,Ryanair,FR5710,Napoli (NAP),19:45,"Retrasado, Ha salido 20:30",189.0,Boeing 737-800,U33
885,07/12/2025,Ryanair,FR9015,London (STN),19:45,"En hora, Ha salido",189.0,Boeing 737-800,W43
886,07/12/2025,Easyjet,U28058,London (LGW),19:45,"En hora, Ha salido",180.0,Airbus A320,M3
887,07/12/2025,Wizz Air,W64666,Larnaca (LCA),19:55,"En hora, Ha salido",230.0,Airbus A321,W44
888,07/12/2025,Ryanair,FR8136,Ibiza (IBZ),20:10,"En hora, Ha salido",189.0,Boeing 737-800,S24
889,07/12/2025,Wizz Air,W62096,Krakow (KRK),20:10,"Retrasado, Programado 22:13",239.0,Airbus A321neo,U34
890,07/12/2025,easyJet Europe,EC4212,Napoli (NAP),20:20,"En hora, Ha salido",180.0,Airbus A320,R9
891,07/12/2025,Transavia,HV6788,Eindhoven (EIN),20:20,"En hora, Ha salido",189.0,Boeing 737-800,U35
892,07/12/2025,Wizz Air,W67022,Bratislava (BTS),20:20,"En hora, Ha salido",239.0,Airbus A321neo,S21
893,07/12/2025,Ryanair,FR6985,Rome (FCO),20:30,"En hora, Ha salido",197.0,Boeing 737 MAX 8,U34
894,07/12/2025,Eurowings,EW521,Cologne-Bonn (CGN),20:35,"En hora, Ha salido",180.0,Airbus A320,R13
895,07/12/2025,Air Serbia,JU585,Belgrade (BEG),20:35,"En hora, Ha salido",174.0,Airbus A320,Y55
896,07/12/2025,Norwegian Air Sweden AOC,D83659,Copenhagen (CPH),20:40,"En hora, Ha salido",197.0,Boeing 737 MAX 8,R12
897,07/12/2025,Eurowings,EW2521,Stuttgart (STR),20:40,"En hora, Ha salido",239.0,Airbus A321neo,R11
898,07/12/2025,Ryanair,FR4587,Porto (OPO),20:40,"En hora, Ha salido",189.0,Boeing 737-800,S23
899,07/12/2025,Luxair,LG3596,Luxembourg (LUX),20:40,"Retrasado, Ha salido 21:01",141.0,Boeing 737-700,U32
900,07/12/2025,Transavia,TO4759,Paris (ORY),20:45,"Retrasado, Ha salido 20:57",189.0,Boeing 737-800,S20
901,07/12/2025,Wizz Air,W62378,Budapest (BUD),20:45,"Retrasado, Ha salido 21:04",239.0,Airbus A321neo,U36
902,07/12/2025,Ryanair,FR6275,Edinburgh (EDI),20:50,"Retrasado, Ha salido 21:00",189.0,Boeing 737-800,W42
903,07/12/2025,BUZZ,RR6944,Warsaw (WMI),20:50,"En hora, Ha salido",189.0,Boeing 737-800,U31
904,07/12/2025,Easyjet,U22326,London (LTN),20:55,"En hora, Ha salido",186.0,Airbus A320neo,M6
905,07/12/2025,Wizz Air,W64738,Skopje (SKP),20:55,"En hora, Ha salido",239.0,Airbus A321neo,W46
906,07/12/2025,BUZZ,RR8615,Budapest (BUD),21:00,"Retrasado, Ha salido 22:20",189.0,Boeing 737-800,R12
907,07/12/2025,Aer Lingus,EI565,Dublin (DUB),21:05,"En hora, Ha salido",180.0,Airbus A320,Y53
908,07/12/2025,Ryanair,FR2896,Palma de Mallorca (PMI),21:15,"En hora, Ha salido",189.0,Boeing 737-800,S24
909,07/12/2025,Transavia,HV5134,Amsterdam (AMS),21:15,"En hora, Ha salido",189.0,Boeing 737-800,S22
910,07/12/2025,Ryanair,FR3792,Birmingham (BHX),21:20,"En hora, Ha salido",189.0,Boeing 737-800,Y57
911,07/12/2025,Wizz Air Malta,W43178,Bucharest (BBU),21:20,"En hora, Ha salido",230.0,Airbus A321,S25
912,07/12/2025,Wizz Air Malta,W43406,Cluj-Napoca (CLJ),21:25,"En hora, Ha salido",180.0,Airbus A320,R14
913,07/12/2025,Easyjet,U28060,London (LGW),21:30,"En hora, Ha salido",156.0,Airbus A319,M1
914,07/12/2025,Wizz Air Malta,W46020,Rome (FCO),21:35,"En hora, Ha salido",239.0,Airbus A321neo,S21
915,07/12/2025,Ryanair,FR5752,Valletta (MLA),21:45,"En hora, Ha salido",197.0,Boeing 737 MAX 8,U33
916,07/12/2025,Wizz Air Malta,W46728,Venice (VCE),21:45,"En hora, Ha salido",230.0,Airbus A321,S23
917,07/12/2025,Easyjet,U22706,Bristol (BRS),21:50,"En hora, Ha salido",180.0,Airbus A320,M6
918,07/12/2025,Volotea,V71415,Verona (VRN),21:55,"En hora, Ha salido",180.0,Airbus A320,R13
919,07/12/2025,Wizz Air,W64116,Belgrade (BEG),21:55,"En hora, Ha salido",239.0,Airbus A321neo,W43
920,07/12/2025,Wizz Air Malta,W45154,Tirana (TIA),22:45,"En hora, Programado",230.0,Airbus A321,W44
921,07/12/2025,Ryanair,FR5220,Bologna (BLQ),22:50,"En hora, Programado",189.0,Boeing 737-800,U31
922,07/12/2025,Wizz Air,W61706,Gdansk (GDN),22:50,"En hora, Programado",239.0,Airbus A321neo,S22
923,07/12/2025,Ryanair,FR9406,Fes (FEZ),23:15,"En hora, Programado",189.0,Boeing 737-800,Y54
